player_id,name,position,draft_year,forty_yard,bench_reps,vertical_jump,broad_jump,three_cone,shuttle,height_in,weight_lbs,college,is_hof,draft_round,draft_pick
trey-adams-ol-2020,Trey Adams,OL,2020,5.60,,24.5,92,,,80,318,Washington,False,,
hakeem-adeniji-ol-2020,Hakeem Adeniji,OL,2020,5.17,26,34.0,115,,,76,302,Kansas,False,6,180
mctelvin-agim-de-2020,McTelvin Agim,DE,2020,4.98,27,,,,,75,309,Arkansas,False,3,95
salvon-ahmed-rb-2020,Salvon Ahmed,RB,2020,4.62,,34.5,120,,,71,197,Washington,False,,
brandon-aiyuk-wr-2020,Brandon Aiyuk,WR,2020,4.50,11,40.0,128,,,72,205,Arizona State,False,1,25
cam-akers-rb-2020,Cam Akers,RB,2020,4.47,20,35.5,122,,4.42,70,217,Florida State,False,2,52
bradlee-anae-de-2020,Bradlee Anae,DE,2020,4.93,25,31.0,115,7.44,4.43,75,257,Utah,False,5,179
tremayne-anchrum-ol-2020,Tremayne Anchrum,OL,2020,5.21,26,24.5,104,,,74,314,Clemson,False,7,250
jet-anderson-rb-2020,Jet Anderson,RB,2020,4.61,19,36.0,128,,4.19,70,208,TCU,False,,
damon-arnette-cb-2020,Damon Arnette,CB,2020,4.56,,,,,,72,195,Ohio State,False,1,19
grayland-arnold-cb-2020,Grayland Arnold,CB,2020,4.59,12,33.0,120,7.01,4.30,69,186,Baylor,False,,
devin-asiasi-te-2020,Devin Asiasi,TE,2020,4.73,16,30.5,115,,,75,257,UCLA,False,3,91
joe-bachie-lb-2020,Joe Bachie,LB,2020,4.67,26,33.5,119,6.93,4.34,73,230,Michigan State,False,,
markus-bailey-lb-2020,Markus Bailey,LB,2020,,15,,,,,72,235,Purdue,False,7,215
trajan-bandy-cb-2020,Trajan Bandy,CB,2020,4.50,10,,,,,68,180,Miami,False,,
ben-bartch-ol-2020,Ben Bartch,OL,2020,,,,,,,78,309,Saint John's (MN),False,4,116
essang-bassey-cb-2020,Essang Bassey,CB,2020,4.46,12,39.5,128,6.95,4.13,69,191,Wake Forest,False,,
zack-baun-lb-2020,Zack Baun,LB,2020,4.65,24,32.5,115,7.00,4.31,74,238,Wisconsin,False,3,74
omar-bayless-wr-2020,Omar Bayless,WR,2020,4.62,11,36.0,123,7.35,4.50,73,212,Arkansas State,False,,
mekhi-becton-ol-2020,Mekhi Becton,OL,2020,5.10,23,,,,,79,364,Louisville,False,1,11
levante-bellamy-rb-2020,LeVante Bellamy,RB,2020,4.50,16,39.5,125,,,69,192,Western Michigan,False,,
eno-benjamin-rb-2020,Eno Benjamin,RB,2020,4.57,12,39.0,122,6.97,4.25,69,207,Arizona State,False,7,222
francis-bernard-lb-2020,Francis Bernard,LB,2020,4.81,19,32.5,120,,,72,234,Utah,False,,
tyler-biadasz-ol-2020,Tyler Biadasz,OL,2020,,,,,,,76,314,Wisconsin,False,4,146
daniel-bituli-lb-2020,Daniel Bituli,LB,2020,4.84,16,32.0,121,,,74,246,Tennessee,False,,
ross-blacklock-de-2020,Ross Blacklock,DE,2020,4.90,,29.0,107,7.77,4.67,75,290,TCU,False,2,40
julian-blackmon-s-2020,Julian Blackmon,S,2020,,,,,,,72,187,Utah,False,3,85
lynn-bowden-wr-2020,Lynn Bowden,WR,2020,,13,,,,,71,204,Kentucky,False,3,80
shaun-bradley-lb-2020,Shaun Bradley,LB,2020,4.51,14,32.5,121,7.07,4.24,73,235,Temple,False,6,196
ben-bredeson-ol-2020,Ben Bredeson,OL,2020,,,,,,,77,315,Michigan,False,4,143
jacob-breeland-te-2020,Jacob Breeland,TE,2020,,,,,,,77,252,Oregon,False,,
jordyn-brooks-lb-2020,Jordyn Brooks,LB,2020,4.54,,,,,,72,240,Texas Tech,False,1,27
cameron-brown-lb-2020,Cameron Brown,LB,2020,4.72,16,35.5,123,,,77,233,Penn State,False,6,183
derrick-brown-de-2020,Derrick Brown,DE,2020,5.16,28,27.0,108,8.22,4.79,77,326,Auburn,False,1,7
tony-brown-wr-2020,Tony Brown,WR,2020,4.65,14,33.5,119,7.21,4.27,73,198,Colorado,False,,
harrison-bryant-te-2020,Harrison Bryant,TE,2020,4.73,13,32.5,110,7.41,4.37,77,243,Florida Atlantic,False,4,115
hunter-bryant-te-2020,Hunter Bryant,TE,2020,4.74,23,32.5,115,7.08,4.46,74,248,Washington,False,,
kelly-bryant-qb-2020,Kelly Bryant,QB,2020,4.69,,35.0,125,7.33,4.51,75,229,Missouri,False,,
myles-bryant-cb-2020,Myles Bryant,CB,2020,4.62,,31.5,115,6.81,4.02,68,183,Washington,False,,
terrell-burgess-s-2020,Terrell Burgess,S,2020,4.46,20,33.5,122,,,71,202,Utah,False,3,104
joe-burrow-qb-2020,Joe Burrow,QB,2020,,,,,,,75,221,LSU,False,1,1
cohl-cabral-ol-2020,Cohl Cabral,OL,2020,,20,,,,,77,300,Arizona State,False,,
lawrence-cager-wr-2020,Lawrence Cager,WR,2020,,,,,,,77,220,Georgia,False,,
raymond-calais-rb-2020,Raymond Calais,RB,2020,4.42,20,37.5,120,,,68,188,Louisiana-Lafayette,False,7,245
marquez-callaway-wr-2020,Marquez Callaway,WR,2020,4.55,,38.0,126,,,73,205,Tennessee,False,,
shyheim-carter-s-2020,Shyheim Carter,S,2020,,,,,,,70,194,Alabama,False,,
quintez-cephus-wr-2020,Quintez Cephus,WR,2020,4.73,23,38.5,124,7.20,4.33,73,202,Wisconsin,False,5,166
klavon-chaisson-lb-2020,K'Lavon Chaisson,LB,2020,,,,,,,75,254,LSU,False,1,20
saahdiq-charles-ol-2020,Saahdiq Charles,OL,2020,5.05,,,,,,76,321,LSU,False,4,108
jeremy-chinn-s-2020,Jeremy Chinn,S,2020,4.45,20,41.0,138,,,75,221,Southern Illinois,False,2,64
cameron-clark-ol-2020,Cameron Clark,OL,2020,5.29,26,25.0,101,,,76,308,Charlotte,False,4,129
nevelle-clarke-cb-2020,Nevelle Clarke,CB,2020,,10,35.0,126,6.88,4.31,73,190,UCF,False,,
chase-claypool-wr-2020,Chase Claypool,WR,2020,4.42,19,40.5,126,,,76,238,Notre Dame,False,2,49
rodney-clemons-s-2020,Rodney Clemons,S,2020,4.71,21,33.5,118,,,72,209,SMU,False,,
ezra-cleveland-ol-2020,Ezra Cleveland,OL,2020,4.93,30,30.0,111,7.26,4.46,78,311,Boise State,False,2,58
tyrie-cleveland-wr-2020,Tyrie Cleveland,WR,2020,4.46,13,39.5,126,,,74,209,Florida,False,7,252
josiah-coatney-de-2020,Josiah Coatney,DE,2020,5.21,22,27.0,99,8.07,4.82,75,308,Mississippi,False,,
nick-coe-lb-2020,Nick Coe,LB,2020,4.89,21,29.0,116,,,77,280,Auburn,False,,
kendall-coleman-de-2020,Kendall Coleman,DE,2020,4.95,,32.0,114,7.50,4.62,75,257,Syracuse,False,,
trystan-colon-castillo-ol-2020,Trystan Colon-Castillo,OL,2020,,11,,,,,75,313,Missouri,False,,
carter-coughlin-lb-2020,Carter Coughlin,LB,2020,4.57,,36.0,126,,,75,236,Minnesota,False,7,218
isaiah-coulter-wr-2020,Isaiah Coulter,WR,2020,4.45,,36.0,121,7.28,4.62,74,198,Rhode Island,False,5,171
kamren-curl-s-2020,Kamren Curl,S,2020,4.60,24,34.5,125,,,73,206,Arkansas,False,7,216
lloyd-cushenberry-ol-2020,Lloyd Cushenberry,OL,2020,5.27,25,,,,,75,312,LSU,False,3,83
deejay-dallas-rb-2020,DeeJay Dallas,RB,2020,4.58,,33.5,119,7.18,4.32,70,217,Miami,False,4,144
darrion-daniels-de-2020,Darrion Daniels,DE,2020,5.18,21,27.0,109,7.75,4.93,75,311,Nebraska,False,,
cameron-dantzler-cb-2020,Cameron Dantzler,CB,2020,4.64,,34.5,,,,74,188,Mississippi State,False,3,89
kevin-davidson-qb-2020,Kevin Davidson,QB,2020,5.00,,28.0,109,7.13,4.37,76,224,Princeton,False,,
marlon-davidson-de-2020,Marlon Davidson,DE,2020,5.04,21,,,,,75,303,Auburn,False,2,47
ashtyn-davis-s-2020,Ashtyn Davis,S,2020,,14,,,,,73,202,California,False,3,68
carlos-davis-de-2020,Carlos Davis,DE,2020,4.82,27,,,,4.52,74,313,Nebraska,False,7,232
gabriel-davis-wr-2020,Gabriel Davis,WR,2020,4.54,14,35.0,124,7.08,4.59,74,216,UCF,False,4,128
javaris-davis-cb-2020,Javaris Davis,CB,2020,4.39,11,35.5,124,,,68,183,Auburn,False,,
khalil-davis-de-2020,Khalil Davis,DE,2020,4.75,32,,,,,73,308,Nebraska,False,6,194
quartney-davis-wr-2020,Quartney Davis,WR,2020,4.54,,35.5,,,,73,201,Texas A&M,False,,
raekwon-davis-de-2020,Raekwon Davis,DE,2020,5.12,24,28.0,111,7.95,4.86,78,311,Alabama,False,2,56
akeem-davis-gaither-lb-2020,Akeem Davis-Gaither,LB,2020,,21,,,,,73,224,Appalachian State,False,4,107
josiah-deguara-te-2020,Josiah Deguara,TE,2020,4.72,25,35.5,115,7.15,4.35,74,242,Cincinnati,False,3,94
grant-delpit-s-2020,Grant Delpit,S,2020,,,,,,,74,213,LSU,False,2,44
trevon-diggs-cb-2020,Trevon Diggs,CB,2020,,,,,,,73,205,Alabama,False,2,51
aj-dillon-rb-2020,AJ Dillon,RB,2020,4.53,23,41.0,131,7.19,,72,247,Boston College,False,2,62
michael-divinity-lb-2020,Michael Divinity,LB,2020,4.85,14,31.0,115,,,74,242,LSU,False,,
jk-dobbins-rb-2020,J.K. Dobbins,RB,2020,,23,,,,,69,209,Ohio State,False,2,55
rico-dowdle-rb-2020,Rico Dowdle,RB,2020,4.54,,38.0,127,,,71,213,South Carolina,False,,
jack-driscoll-ol-2020,Jack Driscoll,OL,2020,5.02,23,29.5,114,,,77,306,Auburn,False,4,145
kyle-dugger-s-2020,Kyle Dugger,S,2020,4.49,17,42.0,134,,,73,217,Lenoir-Rhyne,False,2,37
yasir-durant-ol-2020,Yasir Durant,OL,2020,5.52,21,25.0,,,,78,331,Missouri,False,,
devin-duvernay-wr-2020,Devin Duvernay,WR,2020,4.39,,35.5,123,7.13,4.20,70,200,Texas,False,3,92
troy-dye-lb-2020,Troy Dye,LB,2020,,,,,,,75,231,Oregon,False,4,132
jacob-eason-qb-2020,Jacob Eason,QB,2020,4.89,,27.5,110,7.50,4.75,78,231,Washington,False,4,122
bryan-edwards-wr-2020,Bryan Edwards,WR,2020,,,,,,,75,212,South Carolina,False,3,81
clyde-edwards-helaire-rb-2020,Clyde Edwards-Helaire,RB,2020,4.60,15,39.5,123,,,67,207,LSU,False,1,32
jalen-elliott-s-2020,Jalen Elliott,S,2020,4.80,15,34.0,125,6.87,4.30,72,205,Notre Dame,False,,
jordan-elliott-de-2020,Jordan Elliott,DE,2020,5.02,24,27.5,,,4.73,76,302,Missouri,False,3,88
aj-epenesa-de-2020,A.J. Epenesa,DE,2020,5.04,17,32.5,117,7.34,4.46,77,275,Iowa,False,2,54
darrynton-evans-rb-2020,Darrynton Evans,RB,2020,4.41,20,37.0,125,,,70,203,Appalachian State,False,3,93
chris-finke-wr-2020,Chris Finke,WR,2020,4.57,7,40.0,,,,69,186,Notre Dame,False,,
leki-fotu-de-2020,Leki Fotu,DE,2020,5.15,21,,,,,77,330,Utah,False,4,114
jake-fromm-qb-2020,Jake Fromm,QB,2020,5.01,,30.0,111,7.27,4.51,74,219,Georgia,False,5,167
aaron-fuller-wr-2020,Aaron Fuller,WR,2020,4.59,,34.0,118,7.14,,71,188,Washington,False,,
jordan-fuller-s-2020,Jordan Fuller,S,2020,4.67,,35.5,122,,4.27,74,203,Ohio State,False,6,199
kristian-fulton-cb-2020,Kristian Fulton,CB,2020,4.46,,35.5,123,6.94,4.36,72,197,LSU,False,2,61
tipa-galeai-lb-2020,Tipa Galeai,LB,2020,,,,,,,77,235,Utah State,False,,
neville-gallimore-de-2020,Neville Gallimore,DE,2020,4.79,23,,,7.97,5.01,74,304,Oklahoma,False,3,82
antonio-gandy-golden-wr-2020,Antonio Gandy-Golden,WR,2020,4.60,22,36.0,127,7.33,4.55,76,223,Liberty,False,4,142
cale-garrett-lb-2020,Cale Garrett,LB,2020,4.92,,32.0,124,6.91,4.13,74,234,Missouri,False,,
jonathan-garvin-de-2020,Jonathan Garvin,DE,2020,4.82,23,36.0,125,,,76,263,Miami,False,7,242
antonio-gibson-wr-2020,Antonio Gibson,WR,2020,4.39,16,35.0,118,,,72,228,Memphis,False,3,66
alohi-gilman-s-2020,Alohi Gilman,S,2020,4.60,17,32.0,119,6.81,4.08,70,201,Notre Dame,False,6,186
trevis-gipson-de-2020,Trevis Gipson,DE,2020,,25,,,,,75,261,Tulsa,False,5,155
jeff-gladney-cb-2020,Jeff Gladney,CB,2020,4.48,17,37.5,124,7.26,,70,191,TCU,False,1,31
anthony-gordon-qb-2020,Anthony Gordon,QB,2020,,,,,,,74,205,Washington State,False,,
aj-green-cb-2020,A.J. Green,CB,2020,4.62,13,,,,,73,202,Oklahoma State,False,,
jonathan-greenard-de-2020,Jonathan Greenard,DE,2020,4.87,22,30.5,113,7.13,4.34,75,263,Florida,False,3,90
yetur-gross-matos-de-2020,Yetur Gross-Matos,DE,2020,,20,34.0,120,,,77,266,Penn State,False,2,38
javelin-guidry-cb-2020,Javelin Guidry,CB,2020,4.29,21,,,,,69,191,Utah,False,,
stephen-guidry-wr-2020,Stephen Guidry,WR,2020,4.47,,34.0,125,7.31,4.46,75,201,Mississippi State,False,,
bryce-hall-cb-2020,Bryce Hall,CB,2020,,11,,,,,73,202,Virginia,False,5,158
davon-hamilton-de-2020,DaVon Hamilton,DE,2020,5.14,33,29.5,102,7.72,,76,320,Ohio State,False,3,73
ladarius-hamilton-de-2020,LaDarius Hamilton,DE,2020,4.89,27,30.0,114,7.66,4.49,74,262,North Texas,False,,
kj-hamler-wr-2020,KJ Hamler,WR,2020,,15,,,,,69,178,Penn State,False,2,46
harrison-hand-cb-2020,Harrison Hand,CB,2020,4.52,14,41.0,133,7.15,4.27,71,197,Temple,False,5,169
jake-hanson-ol-2020,Jake Hanson,OL,2020,5.50,33,,,,,76,303,Oregon,False,6,208
scoota-harris-lb-2020,Scoota Harris,LB,2020,4.69,18,33.0,111,7.38,4.32,72,234,Arkansas,False,,
nick-harris-ol-2020,Nick Harris,OL,2020,5.10,20,29.5,103,,,73,302,Washington,False,5,160
malik-harrison-lb-2020,Malik Harrison,LB,2020,4.66,,36.0,122,6.83,4.32,75,247,Ohio State,False,3,98
jamycal-hasty-rb-2020,JaMycal Hasty,RB,2020,4.55,15,39.0,123,,4.03,68,205,Baylor,False,,
jaylinn-hawkins-s-2020,Jaylinn Hawkins,S,2020,,,35.5,117,,,73,208,California,False,4,134
charlie-heck-ol-2020,Charlie Heck,OL,2020,5.16,21,28.0,112,8.02,4.86,80,311,North Carolina,False,4,126
cj-henderson-cb-2020,C.J. Henderson,CB,2020,4.39,20,37.5,127,,,73,204,Florida,False,1,9
matt-hennessy-ol-2020,Matt Hennessy,OL,2020,5.18,23,30.0,110,7.45,4.60,76,307,Temple,False,3,78
justin-herbert-qb-2020,Justin Herbert,QB,2020,4.68,,35.5,123,7.06,4.46,78,236,Oregon,False,1,6
brian-herrien-rb-2020,Brian Herrien,RB,2020,4.62,18,38.5,126,7.12,4.40,71,209,Georgia,False,,
justin-herron-ol-2020,Justin Herron,OL,2020,5.26,27,33.0,105,8.41,4.88,76,308,Wake Forest,False,6,195
tee-higgins-wr-2020,Tee Higgins,WR,2020,,,,,,,76,216,Clemson,False,2,33
alex-highsmith-de-2020,Alex Highsmith,DE,2020,4.70,,33.0,125,7.32,4.31,75,248,Charlotte,False,3,102
john-hightower-wr-2020,John Hightower,WR,2020,4.43,,38.5,122,7.07,4.21,73,189,Boise State,False,5,168
kj-hill-wr-2020,K.J. Hill,WR,2020,4.60,17,32.5,114,,,72,196,Ohio State,False,7,220
lavert-hill-cb-2020,Lavert Hill,CB,2020,,21,,,,,70,190,Michigan,False,,
trevon-hill-de-2020,Trevon Hill,DE,2020,4.89,,28.0,113,,,75,248,Miami,False,,
isaiah-hodgins-wr-2020,Isaiah Hodgins,WR,2020,4.61,9,36.5,124,7.01,4.12,76,210,Oregon State,False,6,207
darnay-holmes-cb-2020,Darnay Holmes,CB,2020,4.48,12,,,,,70,195,UCLA,False,4,110
brycen-hopkins-te-2020,Brycen Hopkins,TE,2020,4.66,21,33.5,116,7.25,4.28,76,245,Purdue,False,4,136
khaleke-hudson-lb-2020,Khaleke Hudson,LB,2020,4.56,30,33.0,120,,,71,224,Michigan,False,5,162
robert-hunt-ol-2020,Robert Hunt,OL,2020,,,,,,,77,323,Louisiana-Lafayette,False,2,39
jalen-hurts-qb-2020,Jalen Hurts,QB,2020,4.59,,35.0,125,,,73,222,Oklahoma,False,2,53
noah-igbinoghene-cb-2020,Noah Igbinoghene,CB,2020,4.48,15,37.0,128,,,70,198,Auburn,False,1,30
brian-cole-ii-s-2020,Brian Cole II,S,2020,4.52,,,,,,74,213,Mississippi State,False,7,249
rashard-lawrence-ii-de-2020,Rashard Lawrence II,DE,2020,5.07,22,,,8.03,,74,308,LSU,False,4,131
reggie-robinson-ii-cb-2020,Reggie Robinson II,CB,2020,4.44,22,36.0,132,7.09,4.18,73,205,Tulsa,False,4,123
henry-ruggs-iii-wr-2020,Henry Ruggs III,WR,2020,4.27,,42.0,131,,,71,188,Alabama,False,1,12
keith-ismael-ol-2020,Keith Ismael,OL,2020,5.34,,32.0,108,8.14,4.65,75,309,San Diego State,False,5,156
cordel-iwuagwu-ol-2020,Cordel Iwuagwu,OL,2020,5.22,25,27.0,94,8.03,4.87,75,309,TCU,False,,
austin-jackson-ol-2020,Austin Jackson,OL,2020,5.07,27,31.0,115,7.95,,77,322,USC,False,1,18
dane-jackson-cb-2020,Dane Jackson,CB,2020,4.57,,35.0,122,7.07,4.27,72,187,Pittsburgh,False,7,239
jonah-jackson-ol-2020,Jonah Jackson,OL,2020,5.23,28,26.0,98,7.83,5.02,75,306,Ohio State,False,3,75
lamar-jackson-cb-2020,Lamar Jackson,CB,2020,4.58,10,36.5,122,,,74,208,Nebraska,False,,
trishton-jackson-wr-2020,Trishton Jackson,WR,2020,4.50,,36.0,117,,,73,197,Syracuse,False,,
justin-jefferson-wr-2020,Justin Jefferson,WR,2020,4.43,,37.5,126,,,73,202,LSU,False,1,22
van-jefferson-wr-2020,Van Jefferson,WR,2020,,,,,,,73,200,Florida,False,2,57
anfernee-jennings-lb-2020,Anfernee Jennings,LB,2020,,,,,,,74,256,Alabama,False,3,87
jauan-jennings-wr-2020,Jauan Jennings,WR,2020,4.72,,29.0,119,,,75,215,Tennessee,False,7,217
jerry-jeudy-wr-2020,Jerry Jeudy,WR,2020,4.45,,35.0,120,,4.53,73,193,Alabama,False,1,15
collin-johnson-wr-2020,Collin Johnson,WR,2020,,17,,,,,78,222,Texas,False,5,165
jaylon-johnson-cb-2020,Jaylon Johnson,CB,2020,4.50,15,36.5,124,7.01,4.13,72,193,Utah,False,2,50
juwan-johnson-wr-2020,Juwan Johnson,WR,2020,4.58,14,33.0,124,6.94,4.37,76,230,Oregon,False,,
tyler-johnson-wr-2020,Tyler Johnson,WR,2020,,,,,,,73,206,Minnesota,False,5,161
clay-johnston-lb-2020,Clay Johnston,LB,2020,,18,,,,,73,227,Baylor,False,7,234
benito-jones-de-2020,Benito Jones,DE,2020,5.26,,26.5,,8.21,5.27,73,316,Mississippi,False,,
brandon-jones-s-2020,Brandon Jones,S,2020,,,,,,,71,198,Texas,False,3,70
joshua-jones-ol-2020,Joshua Jones,OL,2020,5.27,24,28.5,109,,,77,319,Houston,False,3,72
tony-jones-rb-2020,Tony Jones,RB,2020,4.68,13,32.5,119,7.18,4.21,70,220,Notre Dame,False,,
antoine-brooks-jr-s-2020,Antoine Brooks Jr.,S,2020,4.64,18,34.5,,,,71,220,Maryland,False,6,198
willie-gay-jr-lb-2020,Willie Gay Jr.,LB,2020,4.46,21,39.5,136,7.08,4.30,73,243,Mississippi State,False,2,63
laviska-shenault-jr-wr-2020,Laviska Shenault Jr.,WR,2020,4.58,17,,,,,73,227,Colorado,False,2,42
antoine-winfield-jr-s-2020,Antoine Winfield Jr.,S,2020,4.45,,36.0,124,,,69,203,Minnesota,False,2,45
azur-kamara-lb-2020,Azur Kamara,LB,2020,4.59,13,28.0,121,7.20,4.46,75,245,Kansas,False,,
khalid-kareem-de-2020,Khalid Kareem,DE,2020,,,,,,,76,268,Notre Dame,False,5,147
dalton-keene-te-2020,Dalton Keene,TE,2020,4.71,21,34.0,125,7.07,4.19,76,253,Virginia Tech,False,3,101
joshua-kelley-rb-2020,Joshua Kelley,RB,2020,4.49,23,31.0,121,6.95,4.28,71,212,UCLA,False,4,112
bopete-keyes-cb-2020,BoPete Keyes,CB,2020,,,36.0,126,,,73,202,Tulane,False,7,237
solomon-kindley-ol-2020,Solomon Kindley,OL,2020,,,,,,,75,337,Georgia,False,4,111
javon-kinlaw-de-2020,Javon Kinlaw,DE,2020,,,,,,,77,324,South Carolina,False,1,14
cole-kmet-te-2020,Cole Kmet,TE,2020,4.70,,37.0,123,7.44,4.41,78,262,Notre Dame,False,2,43
ceedee-lamb-wr-2020,CeeDee Lamb,WR,2020,4.50,11,34.5,124,,,74,198,Oklahoma,False,1,17
javon-leake-rb-2020,Javon Leake,RB,2020,4.65,,34.0,125,,,72,215,Maryland,False,,
benny-lemay-rb-2020,Benny LeMay,RB,2020,4.75,24,28.5,112,,,68,221,Charlotte,False,,
shane-lemieux-ol-2020,Shane Lemieux,OL,2020,5.11,,25.5,107,8.13,4.90,76,310,Oregon,False,5,150
brian-lewerke-qb-2020,Brian Lewerke,QB,2020,4.95,,31.0,113,7.14,4.40,74,213,Michigan State,False,,
damien-lewis-ol-2020,Damien Lewis,OL,2020,5.24,27,30.0,108,,,74,327,LSU,False,3,69
terrell-lewis-lb-2020,Terrell Lewis,LB,2020,,,37.0,124,,,77,262,Alabama,False,3,84
kalija-lipscomb-wr-2020,Kalija Lipscomb,WR,2020,4.57,16,32.0,127,,,72,207,Vanderbilt,False,,
jordan-love-qb-2020,Jordan Love,QB,2020,4.74,,35.5,118,7.21,4.52,76,224,Utah State,False,1,26
jake-luton-qb-2020,Jake Luton,QB,2020,,,,,,,78,224,Oregon State,False,6,189
james-lynch-de-2020,James Lynch,DE,2020,5.01,23,29.0,111,7.39,4.39,76,289,Baylor,False,4,130
austin-mack-wr-2020,Austin Mack,WR,2020,4.59,,31.5,117,,4.42,73,208,Ohio State,False,,
jordan-mack-lb-2020,Jordan Mack,LB,2020,,,,,,,75,241,Virginia,False,,
justin-madubuike-de-2020,Justin Madubuike,DE,2020,4.83,31,,,7.37,,75,293,Texas A&M,False,3,71
kamal-martin-lb-2020,Kamal Martin,LB,2020,,,,,,,75,240,Minnesota,False,5,175
cole-mcdonald-qb-2020,Cole McDonald,QB,2020,4.58,,36.0,121,7.13,4.52,75,215,Hawaii,False,7,224
anthony-mcfarland-rb-2020,Anthony McFarland,RB,2020,4.44,,29.5,116,,,68,208,Maryland,False,4,124
sean-mckeon-te-2020,Sean McKeon,TE,2020,,18,,,,,77,242,Michigan,False,,
xavier-mckinney-s-2020,Xavier McKinney,S,2020,4.63,19,36.0,122,,,72,201,Alabama,False,2,36
colton-mckivitz-ol-2020,Colton McKivitz,OL,2020,5.35,20,26.0,106,7.87,5.00,78,306,West Virginia,False,5,153
josh-metellus-s-2020,Josh Metellus,S,2020,4.55,20,36.5,124,6.94,4.40,71,209,Michigan,False,6,205
chris-miller-s-2020,Chris Miller,S,2020,4.61,12,35.5,133,7.09,4.12,71,190,Baylor,False,,
denzel-mims-wr-2020,Denzel Mims,WR,2020,4.38,16,38.5,131,6.66,4.43,75,207,Baylor,False,2,59
john-molchon-ol-2020,John Molchon,OL,2020,5.13,26,34.0,109,7.85,4.73,77,309,Boise State,False,,
steven-montez-qb-2020,Steven Montez,QB,2020,4.68,,33.0,117,7.25,4.43,76,231,Colorado,False,,
darnell-mooney-wr-2020,Darnell Mooney,WR,2020,4.38,9,37.0,124,,,70,176,Tulane,False,5,173
james-morgan-qb-2020,James Morgan,QB,2020,4.89,,29.0,112,7.51,4.64,76,229,Florida International,False,4,125
thaddeus-moss-te-2020,Thaddeus Moss,TE,2020,,,,,,,74,250,LSU,False,,
zack-moss-rb-2020,Zack Moss,RB,2020,4.65,19,33.0,,,4.37,69,223,Utah,False,3,86
larrell-murchison-de-2020,Larrell Murchison,DE,2020,5.05,29,29.0,118,7.89,4.51,74,297,North Carolina State,False,5,174
kyle-murphy-ol-2020,Kyle Murphy,OL,2020,5.30,19,28.0,104,7.81,4.68,75,316,Rhode Island,False,,
kenneth-murray-lb-2020,Kenneth Murray,LB,2020,4.52,21,38.0,129,,,74,241,Oklahoma,False,1,23
tanner-muse-s-2020,Tanner Muse,S,2020,4.41,20,34.5,124,,,74,227,Clemson,False,3,100
netane-muti-ol-2020,Netane Muti,OL,2020,,44,,,,,75,315,Fresno State,False,6,181
lucas-niang-ol-2020,Lucas Niang,OL,2020,,,,,,,78,315,TCU,False,3,96
cj-ogrady-te-2020,C.J. O'Grady,TE,2020,4.81,16,34.0,119,7.30,4.34,76,253,Arkansas,False,,
michael-ojemudia-cb-2020,Michael Ojemudia,CB,2020,4.45,,36.0,122,6.87,4.21,73,200,Iowa,False,3,77
jeff-okudah-cb-2020,Jeff Okudah,CB,2020,4.48,11,41.0,135,,,73,205,Ohio State,False,1,3
julian-okwara-de-2020,Julian Okwara,DE,2020,,27,,,,,76,252,Notre Dame,False,3,67
albert-okwuegbunam-te-2020,Albert Okwuegbunam,TE,2020,4.49,,,,,,77,258,Missouri,False,4,118
sewo-olonilua-rb-2020,Sewo Olonilua,RB,2020,4.66,25,36.0,123,,4.28,75,232,TCU,False,,
dante-olson-lb-2020,Dante Olson,LB,2020,4.88,15,42.0,124,7.00,4.32,74,237,Montana,False,,
mike-onwenu-ol-2020,Mike Onwenu,OL,2020,,26,,,,,75,344,Michigan,False,6,182
kj-osborn-wr-2020,K.J. Osborn,WR,2020,4.48,18,37.5,123,7.00,4.35,71,203,Miami,False,5,176
aaron-parker-wr-2020,Aaron Parker,WR,2020,4.57,12,26.5,112,6.94,4.23,74,209,Rhode Island,False,,
colby-parkinson-te-2020,Colby Parkinson,TE,2020,4.77,18,32.5,109,7.15,4.46,79,252,Stanford,False,4,133
dezmon-patmon-wr-2020,Dezmon Patmon,WR,2020,4.48,15,36.0,132,7.28,4.38,76,225,Washington State,False,6,212
shea-patterson-qb-2020,Shea Patterson,QB,2020,4.71,,31.0,116,7.14,4.50,73,212,Michigan,False,,
matt-peart-ol-2020,Matt Peart,OL,2020,5.06,26,30.0,113,8.01,4.92,79,318,Connecticut,False,3,99
john-penisini-de-2020,John Penisini,DE,2020,,23,25.5,,,4.93,73,318,Utah,False,6,197
donovan-peoples-jones-wr-2020,Donovan Peoples-Jones,WR,2020,4.48,,44.5,139,,,74,212,Michigan,False,6,187
lamical-perine-rb-2020,La'Mical Perine,RB,2020,4.62,22,35.0,118,7.13,4.31,71,216,Florida,False,4,120
malcolm-perry-wr-2020,Malcolm Perry,WR,2020,4.63,10,36.0,122,7.12,4.31,69,186,Navy,False,7,246
jacob-phillips-lb-2020,Jacob Phillips,LB,2020,4.66,,39.0,126,7.38,4.33,75,229,LSU,False,3,97
scottie-phillips-rb-2020,Scottie Phillips,RB,2020,4.56,29,30.0,114,7.40,4.53,68,209,Mississippi,False,,
tyre-phillips-ol-2020,Tyre Phillips,OL,2020,5.37,22,25.0,93,8.17,5.11,77,331,Mississippi State,False,3,106
james-pierre-cb-2020,James Pierre,CB,2020,4.59,,33.5,123,7.02,,72,183,Florida Atlantic,False,,
michael-pinckney-lb-2020,Michael Pinckney,LB,2020,,,,,,,71,235,Miami,False,,
jared-pinkney-te-2020,Jared Pinkney,TE,2020,4.96,23,,,,,76,257,Vanderbilt,False,,
danny-pinter-ol-2020,Danny Pinter,OL,2020,4.91,24,29.5,110,7.76,4.62,76,306,Ball State,False,5,149
michael-pittman-wr-2020,Michael Pittman,WR,2020,4.52,13,36.5,121,6.96,4.14,76,223,USC,False,2,34
troy-pride-cb-2020,Troy Pride,CB,2020,4.40,13,35.5,119,6.94,4.26,71,193,Notre Dame,False,4,113
james-proche-wr-2020,James Proche,WR,2020,,20,34.5,,7.27,4.40,71,201,SMU,False,6,201
shaquille-quarterman-lb-2020,Shaquille Quarterman,LB,2020,4.74,23,31.0,120,,,72,234,Miami,False,4,140
patrick-queen-lb-2020,Patrick Queen,LB,2020,4.50,18,35.0,125,,,72,229,LSU,False,1,28
jalen-reagor-wr-2020,Jalen Reagor,WR,2020,4.47,17,42.0,138,7.31,4.46,71,206,TCU,False,1,21
joe-reed-wr-2020,Joe Reed,WR,2020,4.47,21,38.0,123,,,72,224,Virginia,False,5,151
jr-reed-s-2020,J.R. Reed,S,2020,4.54,15,34.0,130,,,73,202,Georgia,False,,
john-reid-cb-2020,John Reid,CB,2020,4.49,20,36.5,129,6.95,3.97,70,187,Penn State,False,4,141
chauncey-rivers-de-2020,Chauncey Rivers,DE,2020,4.97,20,30.5,106,7.33,4.70,74,262,Mississippi State,False,,
malcolm-roach-de-2020,Malcolm Roach,DE,2020,4.84,20,30.0,114,,,74,297,Texas,False,,
amik-robertson-cb-2020,Amik Robertson,CB,2020,,,,,,,68,187,Louisiana Tech,False,4,139
alton-robinson-de-2020,Alton Robinson,DE,2020,4.69,25,35.5,119,7.32,4.32,75,264,Syracuse,False,5,148
james-robinson-rb-2020,James Robinson,RB,2020,4.64,24,40.0,125,7.03,4.19,69,219,Illinois State,False,,
kendrick-rogers-wr-2020,Kendrick Rogers,WR,2020,4.51,17,35.5,124,7.13,4.48,76,208,Texas A&M,False,,
cesar-ruiz-ol-2020,Cesar Ruiz,OL,2020,5.08,28,33.0,113,7.91,4.64,75,307,Michigan,False,1,24
jon-runyan-ol-2020,Jon Runyan,OL,2020,5.08,24,30.5,107,7.57,4.69,76,306,Michigan,False,6,192
chapelle-russell-lb-2020,Chapelle Russell,LB,2020,4.69,21,35.0,121,7.38,4.41,74,236,Temple,False,7,241
stanford-samuels-cb-2020,Stanford Samuels,CB,2020,4.65,,,,,,73,187,Florida State,False,,
josiah-scott-cb-2020,Josiah Scott,CB,2020,4.42,17,,,,,69,185,Michigan State,False,4,137
qaadir-sheppard-de-2020,Qaadir Sheppard,DE,2020,4.83,28,31.5,115,,,75,261,Mississippi,False,,
isaiah-simmons-lb-2020,Isaiah Simmons,LB,2020,4.39,,39.0,132,,,76,238,Clemson,False,1,8
john-simpson-ol-2020,John Simpson,OL,2020,5.24,34,30.0,107,8.03,4.87,76,321,Clemson,False,4,109
james-smith-williams-de-2020,James Smith-Williams,DE,2020,4.60,28,32.0,123,7.35,4.52,76,265,North Carolina State,False,7,229
ljarius-sneed-s-2020,L'Jarius Sneed,S,2020,4.37,12,41.0,131,,,72,192,Louisiana Tech,False,4,138
nate-stanley-qb-2020,Nate Stanley,QB,2020,4.81,,28.5,108,7.26,4.48,76,235,Iowa,False,7,244
terence-steele-ol-2020,Terence Steele,OL,2020,5.03,27,27.5,106,,5.08,78,312,Texas Tech,False,,
logan-stenberg-ol-2020,Logan Stenberg,OL,2020,5.30,,26.0,104,8.00,4.83,78,317,Kentucky,False,4,121
simon-stepaniak-ol-2020,Simon Stepaniak,OL,2020,,37,,,,,76,313,Indiana,False,6,209
darrell-stewart-wr-2020,Darrell Stewart,WR,2020,,15,35.0,117,,,72,212,Michigan State,False,,
geno-stone-s-2020,Geno Stone,S,2020,4.62,12,33.5,116,,,70,207,Iowa,False,7,219
justin-strnad-lb-2020,Justin Strnad,LB,2020,4.74,,29.0,113,,4.49,75,238,Wake Forest,False,5,178
jason-strowbridge-de-2020,Jason Strowbridge,DE,2020,4.89,26,31.0,113,7.45,4.37,76,275,North Carolina,False,5,154
stephen-sullivan-te-2020,Stephen Sullivan,TE,2020,4.66,,36.5,123,7.51,4.62,77,248,LSU,False,7,251
freddie-swain-wr-2020,Freddie Swain,WR,2020,4.46,16,36.5,124,7.05,4.26,72,197,Florida,False,6,214
dandre-swift-rb-2020,D'Andre Swift,RB,2020,4.48,,35.5,121,,,68,212,Georgia,False,2,35
tua-tagovailoa-qb-2020,Tua Tagovailoa,QB,2020,,,,,,,72,217,Alabama,False,1,5
charlie-taumoepeau-te-2020,Charlie Taumoepeau,TE,2020,4.75,18,36.5,121,7.00,4.27,74,240,Portland State,False,,
alex-taylor-ol-2020,Alex Taylor,OL,2020,5.09,21,25.0,116,7.77,4.79,80,308,South Carolina State,False,,
darrell-taylor-lb-2020,Darrell Taylor,LB,2020,,,,,,,76,267,Tennessee,False,2,48
davion-taylor-lb-2020,Davion Taylor,LB,2020,4.49,21,35.0,127,6.96,4.26,72,228,Colorado,False,3,103
jj-taylor-rb-2020,J.J. Taylor,RB,2020,4.61,19,34.5,118,7.00,4.15,65,185,Arizona,False,,
jonathan-taylor-rb-2020,Jonathan Taylor,RB,2020,4.39,17,36.0,123,7.01,4.24,70,226,Wisconsin,False,2,41
patrick-taylor-rb-2020,Patrick Taylor,RB,2020,4.57,15,34.0,123,,4.34,73,217,Memphis,False,,
aj-terrell-cb-2020,A.J. Terrell,CB,2020,4.42,15,34.5,129,,,73,195,Clemson,False,1,16
andrew-thomas-ol-2020,Andrew Thomas,OL,2020,5.22,21,30.5,109,7.58,4.66,77,315,Georgia,False,1,4
daniel-thomas-s-2020,Daniel Thomas,S,2020,4.51,24,37.0,125,,,70,215,Auburn,False,5,157
jeff-thomas-wr-2020,Jeff Thomas,WR,2020,4.45,,36.5,125,,,69,170,Miami,False,,
stantley-thomas-oliver-cb-2020,Stantley Thomas-Oliver,CB,2020,4.48,,34.0,127,,,72,192,Florida International,False,7,221
calvin-throckmorton-ol-2020,Calvin Throckmorton,OL,2020,5.57,23,27.0,97,8.07,4.98,77,317,Oregon,False,,
casey-toohill-lb-2020,Casey Toohill,LB,2020,4.62,17,39.0,126,7.08,4.21,76,250,Stanford,False,7,233
adam-trautman-te-2020,Adam Trautman,TE,2020,4.80,18,34.5,114,6.78,4.27,77,255,Dayton,False,3,105
derrek-tuszka-de-2020,Derrek Tuszka,DE,2020,4.79,24,33.5,120,6.87,4.34,76,251,North Dakota State,False,7,254
josh-uche-lb-2020,Josh Uche,LB,2020,,18,,,,,73,245,Michigan,False,2,60
keshawn-vaughn-rb-2020,Ke'Shawn Vaughn,RB,2020,4.51,,32.0,117,,,70,214,Vanderbilt,False,3,76
ben-victor-wr-2020,Ben Victor,WR,2020,4.60,9,35.0,128,7.10,,76,198,Ohio State,False,,
kindle-vildor-cb-2020,Kindle Vildor,CB,2020,4.44,22,39.5,133,7.14,4.28,70,191,Georgia Southern,False,5,163
mykal-walker-lb-2020,Mykal Walker,LB,2020,4.65,20,33.0,122,7.09,4.25,75,230,Fresno State,False,4,119
kvon-wallace-s-2020,K'Von Wallace,S,2020,4.53,18,38.0,133,6.76,4.15,71,206,Clemson,False,4,127
prince-tega-wanogho-ol-2020,Prince Tega Wanogho,OL,2020,,,,,,,77,308,Auburn,False,6,210
mike-warren-rb-2020,Mike Warren,RB,2020,,16,,,,,69,226,Cincinnati,False,,
broderick-washington-de-2020,Broderick Washington,DE,2020,,23,,,,,74,305,Texas Tech,False,5,170
quez-watkins-wr-2020,Quez Watkins,WR,2020,4.35,,36.5,125,7.28,4.36,72,185,Southern Miss,False,6,200
curtis-weaver-lb-2020,Curtis Weaver,LB,2020,,,32.5,116,7.00,4.27,74,265,Boise State,False,5,164
evan-weaver-lb-2020,Evan Weaver,LB,2020,4.76,15,32.0,117,7.02,4.21,74,237,California,False,6,202
cody-white-wr-2020,Cody White,WR,2020,4.66,,35.5,120,7.19,4.52,75,217,Michigan State,False,,
mitchell-wilcox-te-2020,Mitchell Wilcox,TE,2020,4.88,,31.0,112,7.37,4.43,75,247,South Florida,False,,
kenny-willekes-de-2020,Kenny Willekes,DE,2020,4.87,32,32.5,119,7.39,,75,264,Michigan State,False,7,225
darryl-williams-ol-2020,Darryl Williams,OL,2020,5.23,23,25.5,102,7.88,4.76,74,304,Mississippi State,False,,
raequan-williams-de-2020,Raequan Williams,DE,2020,5.04,17,25.5,101,7.72,4.78,76,308,Michigan State,False,,
jedrick-wills-ol-2020,Jedrick Wills,OL,2020,5.05,,34.5,113,,4.84,76,312,Alabama,False,1,10
isaiah-wilson-ol-2020,Isaiah Wilson,OL,2020,5.32,26,29.0,110,8.26,5.07,78,350,Georgia,False,1,29
logan-wilson-lb-2020,Logan Wilson,LB,2020,4.63,21,32.0,121,7.07,4.27,74,241,Wyoming,False,3,65
rob-windsor-de-2020,Rob Windsor,DE,2020,4.90,21,28.5,111,7.47,4.44,76,290,Penn State,False,6,193
tristan-wirfs-ol-2020,Tristan Wirfs,OL,2020,4.85,24,36.5,121,7.65,4.68,77,320,Iowa,False,1,13
charlie-woerner-te-2020,Charlie Woerner,TE,2020,4.78,21,34.5,120,7.18,4.46,77,244,Georgia,False,6,190
dj-wonnum-de-2020,D.J. Wonnum,DE,2020,4.73,20,34.5,123,7.25,4.44,77,258,South Carolina,False,4,117
dom-wood-anderson-te-2020,Dom Wood-Anderson,TE,2020,4.92,,35.0,119,,,76,261,Tennessee,False,,
david-woodward-lb-2020,David Woodward,LB,2020,4.79,16,33.5,114,7.34,4.37,74,230,Utah State,False,,
chase-young-de-2020,Chase Young,DE,2020,,,,,,,77,264,Ohio State,False,1,2
jabari-zuniga-de-2020,Jabari Zuniga,DE,2020,4.64,29,33.0,127,,,75,264,Florida,False,3,79
jonathan-adams-wr-2021,Jonathan Adams,WR,2021,4.59,,39.0,132,7.04,4.38,74,210,Arkansas St.,False,,
paulson-adebo-cb-2021,Paulson Adebo,CB,2021,4.45,18,36.5,121,6.69,4.13,73,198,Stanford,False,3,76
giles-amos-te-2021,Giles Amos,TE,2021,5.14,,28.5,111,7.65,5.13,75,250,Arkansas St.,False,,
zayne-anderson-lb-2021,Zayne Anderson,LB,2021,4.46,11,34.0,120,6.78,4.22,,,BYU,False,,
otis-anderson-rb-2021,Otis Anderson,RB,2021,4.63,11,36.0,113,7.04,4.38,67,179,Central Florida,False,,
jack-anderson-ol-2021,Jack Anderson,OL,2021,5.28,27,29.5,105,7.90,4.83,76,314,Texas Tech,False,7,236
dan-archibong-de-2021,Dan Archibong,DE,2021,5.35,28,28.5,100,8.16,4.68,77,295,Temple,False,,
calvin-ashley-ol-2021,Calvin Ashley,OL,2021,5.49,15,29.0,105,7.00,5.10,78,314,Florida A&M,False,,
jaytlin-askew-cb-2021,Jaytlin Askew,CB,2021,4.51,18,35.5,125,7.10,4.31,68,180,Georgia Tech,False,,
tutu-atwell-wr-2021,Tutu Atwell,WR,2021,4.42,,33.0,117,6.89,4.14,68,155,Louisville,False,2,57
kayode-awosika-ol-2021,Kayode Awosika,OL,2021,5.19,28,30.0,100,8.15,4.91,75,307,Buffalo,False,,
kawaan-baker-wr-2021,Kawaan Baker,WR,2021,4.44,21,39.5,129,7.42,4.41,72,210,South Alabama,False,,
josh-ball-ol-2021,Josh Ball,OL,2021,5.20,28,27.5,106,7.77,4.70,79,308,Marshall,False,4,138
aaron-banks-ol-2021,Aaron Banks,OL,2021,5.32,24,31.0,100,7.69,4.89,77,325,Notre Dame,False,2,48
cole-banwart-ol-2021,Cole Banwart,OL,2021,5.12,22,27.5,103,7.50,4.70,73,298,Iowa,False,,
christian-barmore-de-2021,Christian Barmore,DE,2021,4.93,,,,,,76,310,Alabama,False,2,38
derrick-barnes-de-2021,Derrick Barnes,DE,2021,4.57,29,37.0,119,,4.27,72,238,Purdue,False,4,113
carlos-basham-de-2021,Carlos Basham,DE,2021,4.64,20,34.0,122,7.13,4.25,75,274,Wake Forest,False,2,61
rashod-bateman-wr-2021,Rashod Bateman,WR,2021,4.39,,36.0,123,,,72,190,Minnesota,False,1,27
john-bates-te-2021,John Bates,TE,2021,4.84,19,31.5,120,6.85,4.35,77,250,Boise St.,False,,
tavante-beckett-lb-2021,Tavante Beckett,LB,2021,4.78,18,31.0,106,7.34,4.58,70,220,Marshall,False,,
chase-behrndt-ol-2021,Chase Behrndt,OL,2021,5.55,25,24.5,101,8.21,4.93,75,324,West Virginia,False,,
shaun-beyer-te-2021,Shaun Beyer,TE,2021,4.78,,31.5,119,,4.20,76,250,Iowa,False,,
tarik-black-wr-2021,Tarik Black,WR,2021,4.54,15,40.0,132,6.91,4.26,74,213,Texas,False,,
josh-blancato-wr-2021,Josh Blancato,WR,2021,4.55,17,32.0,124,6.90,4.31,69,182,Georgia Tech,False,,
joshuah-bledsoe-s-2021,Joshuah Bledsoe,S,2021,,,,,,,,,Missouri,False,6,188
quinton-bohanna-de-2021,Quinton Bohanna,DE,2021,5.46,,29.0,99,8.21,5.15,76,327,Kentucky,False,,
nick-bolton-lb-2021,Nick Bolton,LB,2021,4.60,24,32.0,,7.40,4.50,71,237,Missouri,False,2,58
ian-book-qb-2021,Ian Book,QB,2021,4.65,,32.5,115,6.99,4.19,72,211,Notre Dame,False,4,133
dicaprio-bootle-cb-2021,Dicaprio Bootle,CB,2021,4.38,16,36.5,126,6.77,4.03,69,180,Nebraska,False,,
tuf-borland-lb-2021,Tuf Borland,LB,2021,4.98,15,32.5,109,7.17,4.29,72,229,Ohio St.,False,,
larry-borom-ol-2021,Larry Borom,OL,2021,5.12,,31.0,,,,77,322,Missouri,False,5,151
rakeem-boyd-rb-2021,Rakeem Boyd,RB,2021,4.70,6,32.5,98,7.22,4.38,71,213,Arkansas,False,,
michael-boykin-de-2021,Michael Boykin,DE,2021,4.88,24,32.0,110,7.69,4.58,77,291,Louisville,False,,
william-bradley-king-lb-2021,William Bradley-King,LB,2021,4.74,,34.5,119,7.14,4.26,75,252,Baylor,False,7,240
brady-breeze-s-2021,Brady Breeze,S,2021,4.55,20,38.0,120,7.05,4.22,71,197,Oregon,False,6,215
gary-brightwell-rb-2021,Gary Brightwell,RB,2021,4.62,17,34.5,118,7.51,4.48,70,218,Arizona,False,6,196
kj-britt-lb-2021,K.J. Britt,LB,2021,4.76,24,32.5,118,7.38,4.40,72,235,Auburn,False,5,176
josiah-bronson-de-2021,Josiah Bronson,DE,2021,5.08,27,30.0,101,7.63,4.72,74,304,Washington,False,,
chris-brown-cb-2021,Chris Brown,CB,2021,4.55,15,36.0,118,6.85,4.18,70,191,Texas,False,,
earnest-brown-de-2021,Earnest Brown,DE,2021,5.01,25,31.0,115,7.19,4.50,76,270,Northwestern,False,,
kimere-brown-cb-2021,Kimere Brown,CB,2021,4.57,,32.5,124,7.37,4.32,71,175,Temple,False,,
deonte-brown-ol-2021,Deonte Brown,OL,2021,,,27.0,,,,75,344,Alabama,False,6,193
dyami-brown-wr-2021,Dyami Brown,WR,2021,4.46,18,35.0,128,6.87,4.35,72,189,North Carolina,False,3,82
shakur-brown-cb-2021,Shakur Brown,CB,2021,4.61,17,35.5,116,7.08,4.23,69,185,Michigan St.,False,,
tre-brown-cb-2021,Tre Brown,CB,2021,4.42,13,38.0,123,7.11,4.27,69,185,Oklahoma,False,4,137
amon-ra-st-brown-wr-2021,Amon-Ra St. Brown,WR,2021,4.51,20,38.5,127,6.88,4.17,71,197,USC,False,4,112
baron-browning-lb-2021,Baron Browning,LB,2021,4.58,23,40.0,130,6.78,4.23,74,245,Ohio St.,False,3,105
john-brunner-ol-2021,John Brunner,OL,2021,,11,32.5,121,6.77,4.30,74,194,North Texas,False,,
calvin-bundage-lb-2021,Calvin Bundage,LB,2021,4.81,14,31.5,116,7.31,4.43,73,221,Oklahoma St.,False,,
lorenzo-burns-cb-2021,Lorenzo Burns,CB,2021,4.56,14,33.5,123,7.55,4.51,70,183,Arizona,False,,
eric-burrell-s-2021,Eric Burrell,S,2021,4.73,8,35.5,124,7.21,4.26,71,197,Wisconsin,False,,
jake-burton-ol-2021,Jake Burton,OL,2021,5.49,22,26.0,100,8.22,4.97,77,303,Baylor,False,,
camryn-bynum-cb-2021,Camryn Bynum,CB,2021,4.58,,34.0,129,6.99,4.10,72,196,California,False,4,125
jalen-camp-wr-2021,Jalen Camp,WR,2021,4.48,29,39.5,125,7.00,4.14,73,226,Georgia Tech,False,,
donavaughn-campbell-ol-2021,Donavaughn Campbell,OL,2021,5.62,,22.0,93,8.34,5.15,76,336,Louisiana Tech,False,,
kyree-campbell-de-2021,Kyree Campbell,DE,2021,5.46,,25.0,98,7.96,5.02,74,287,Florida,False,,
tyson-campbell-cb-2021,Tyson Campbell,CB,2021,4.40,12,34.5,124,7.15,4.45,73,193,Georgia,False,2,33
jackson-carman-ol-2021,Jackson Carman,OL,2021,,,,,,,76,317,Clemson,False,2,46
tory-carter-rb-2021,Tory Carter,RB,2021,4.86,24,35.5,112,7.21,4.38,72,229,LSU,False,,
michael-carter-rb-2021,Michael Carter,RB,2021,4.50,16,34.0,119,6.81,3.98,67,201,North Carolina,False,4,107
jc-chalk-te-2021,J.C. Chalk,TE,2021,5.18,15,28.5,106,7.83,4.72,74,250,Clemson,False,,
jamarr-chase-wr-2021,Ja'Marr Chase,WR,2021,4.34,,41.0,132,6.96,3.99,72,201,LSU,False,1,5
ramaud-chiaokhiao-bowman-wr-2021,Ramaud Chiaokhiao-Bowman,WR,2021,4.78,11,34.5,119,6.78,4.20,73,204,Northwestern,False,,
brady-christensen-ol-2021,Brady Christensen,OL,2021,,30,34.0,124,,,,,BYU,False,3,70
andre-cisco-cb-2021,Andre Cisco,CB,2021,,17,,,,,,,Syracuse,False,3,65
mallory-claybourne-cb-2021,Mallory Claybourne,CB,2021,4.57,12,33.0,116,7.37,4.32,69,191,Coastal Carolina,False,,
ben-cleveland-ol-2021,Ben Cleveland,OL,2021,5.05,30,28.0,102,,4.88,78,343,Georgia,False,3,94
riley-cole-lb-2021,Riley Cole,LB,2021,4.72,26,,,7.46,4.35,74,240,South Alabama,False,,
nico-collins-wr-2021,Nico Collins,WR,2021,4.43,14,37.5,125,6.78,4.29,76,215,Michigan,False,3,89
zaven-collins-lb-2021,Zaven Collins,LB,2021,4.67,19,35.0,122,,4.36,76,259,Tulsa,False,1,16
jonathon-cooper-de-2021,Jonathon Cooper,DE,2021,4.69,28,33.0,108,6.99,4.31,74,253,Ohio St.,False,7,239
samuel-cosmi-ol-2021,Samuel Cosmi,OL,2021,4.87,36,30.0,117,7.35,4.39,77,314,Texas,False,2,51
seth-cottengim-s-2021,Seth Cottengim,S,2021,,,28.5,,,,71,230,Arkansas St.,False,,
jabril-cox-lb-2021,Jabril Cox,LB,2021,,,,,,,75,232,LSU,False,4,115
damonte-coxie-wr-2021,Damonte Coxie,WR,2021,4.77,4,30.5,122,6.92,4.45,74,198,Memphis,False,,
tyler-coyle-lb-2021,Tyler Coyle,LB,2021,4.38,24,39.0,133,7.14,4.00,73,209,Purdue,False,,
daniel-crawford-te-2021,Daniel Crawford,TE,2021,4.70,14,32.5,113,7.19,4.45,73,245,Northern Illinois,False,,
shaun-crawford-s-2021,Shaun Crawford,S,2021,4.55,12,35.0,116,6.70,4.13,69,182,Notre Dame,False,,
harry-crider-ol-2021,Harry Crider,OL,2021,5.25,31,27.0,102,7.63,4.68,74,307,Indiana,False,,
jake-curhan-ol-2021,Jake Curhan,OL,2021,5.45,15,24.0,102,8.07,4.84,77,316,California,False,,
david-curry-lb-2021,David Curry,LB,2021,,,,,,,73,227,Georgia Tech,False,,
drew-dalman-ol-2021,Drew Dalman,OL,2021,5.11,33,33.0,109,7.33,4.52,75,299,Stanford,False,4,114
dj-daniel-cb-2021,DJ Daniel,CB,2021,4.62,11,31.0,119,7.02,4.12,71,195,Georgia,False,,
frank-darby-wr-2021,Frank Darby,WR,2021,4.56,19,34.5,117,7.05,4.25,72,201,Arizona St.,False,6,187
jaelon-darden-wr-2021,Jaelon Darden,WR,2021,4.47,,35.5,122,6.66,3.98,67,174,North Texas,False,4,129
corey-dauphine-rb-2021,Corey Dauphine,RB,2021,4.71,14,30.0,117,7.40,4.53,71,198,Tulane,False,,
zach-davidson-te-2021,Zach Davidson,TE,2021,4.58,17,37.5,117,6.95,4.19,78,245,Central Missouri St.,False,,
brady-davis-qb-2021,Brady Davis,QB,2021,4.65,,31.0,114,7.06,4.20,,,Memphis,False,,
jamin-davis-lb-2021,Jamin Davis,LB,2021,4.47,,42.0,132,,,75,234,Kentucky,False,1,19
shawn-davis-cb-2021,Shawn Davis,CB,2021,,17,39.5,128,,,70,202,Florida,False,5,165
wyatt-davis-ol-2021,Wyatt Davis,OL,2021,,25,,,,,75,315,Ohio St.,False,3,86
divine-deablo-cb-2021,Divine Deablo,CB,2021,4.42,19,34.0,126,7.12,4.40,75,226,Virginia Tech,False,3,80
bryson-denley-rb-2021,Bryson Denley,RB,2021,4.56,13,27.5,110,7.25,4.57,67,189,Bowling Green,False,,
jon-dietzen-ol-2021,Jon Dietzen,OL,2021,5.32,19,27.0,106,7.64,4.85,76,312,Wisconsin,False,,
victor-dimukeje-de-2021,Victor Dimukeje,DE,2021,4.87,28,34.5,115,7.25,4.35,73,262,Duke,False,6,210
gerrid-doaks-rb-2021,Gerrid Doaks,RB,2021,4.58,19,39.5,120,7.20,4.27,71,228,Cincinnati,False,,
devontres-dukes-wr-2021,DeVontres Dukes,WR,2021,4.81,16,33.0,122,7.07,4.41,75,216,South Florida,False,,
isaiah-dunn-cb-2021,Isaiah Dunn,CB,2021,4.39,13,35.5,127,6.93,4.21,71,189,Oregon St.,False,,
wes-dvorak-cb-2021,Wes Dvorak,CB,2021,4.52,,41.5,132,6.94,4.33,71,198,Iowa,False,,
brennan-eagles-wr-2021,Brennan Eagles,WR,2021,4.55,,36.5,125,6.93,4.42,75,225,Texas,False,,
adrian-ealy-ol-2021,Adrian Ealy,OL,2021,5.42,18,24.5,104,8.82,4.87,78,321,Oklahoma,False,,
brandin-echols-cb-2021,Brandin Echols,CB,2021,4.34,13,42.5,136,6.84,4.12,70,179,Kentucky,False,,
sam-ehlinger-qb-2021,Sam Ehlinger,QB,2021,4.84,,36.5,114,7.15,4.44,73,220,Texas,False,6,218
liam-eichenberg-ol-2021,Liam Eichenberg,OL,2021,,33,26.5,105,7.53,4.58,78,306,Notre Dame,False,2,42
milo-eifler-lb-2021,Milo Eifler,LB,2021,4.58,14,37.5,126,7.15,4.35,74,228,Illinois,False,,
dwayne-eskridge-wr-2021,D'Wayne Eskridge,WR,2021,4.38,,35.0,124,6.93,4.22,68,190,West. Michigan,False,2,56
dorian-etheridge-lb-2021,Dorian Etheridge,LB,2021,4.87,,35.0,121,7.25,4.47,73,233,Louisville,False,,
travis-etienne-rb-2021,Travis Etienne,RB,2021,4.45,18,33.5,128,,,70,215,Clemson,False,1,25
chris-evans-rb-2021,Chris Evans,RB,2021,4.50,20,40.5,127,6.83,4.12,71,211,Michigan,False,6,202
dillon-faamatau-de-2021,Dillon Faamatau,DE,2021,5.35,22,24.5,100,8.58,5.15,75,280,Oklahoma,False,,
austin-faoliu-de-2021,Austin Faoliu,DE,2021,,,,,,,75,287,Oregon,False,,
matt-farniok-ol-2021,Matt Farniok,OL,2021,5.20,28,33.0,105,7.14,4.80,77,311,Nebraska,False,,
luke-farrell-te-2021,Luke Farrell,TE,2021,4.79,22,36.5,118,7.14,4.36,77,251,Ohio St.,False,5,145
simi-fehoko-wr-2021,Simi Fehoko,WR,2021,4.44,16,34.5,120,6.78,4.26,75,222,Stanford,False,5,179
demetric-felton-rb-2021,Demetric Felton,RB,2021,4.55,,,,,,68,189,UCLA,False,6,211
parker-ferguson-ol-2021,Parker Ferguson,OL,2021,5.19,24,31.0,105,7.75,4.90,75,306,Air Force,False,,
justin-fields-qb-2021,Justin Fields,QB,2021,4.45,,,,,,74,227,Ohio St.,False,1,11
tony-fields-lb-2021,Tony Fields,LB,2021,4.64,17,34.0,114,7.15,4.48,72,222,West Virginia,False,5,153
paddy-fisher-lb-2021,Paddy Fisher,LB,2021,4.91,20,31.5,110,7.00,4.47,75,240,Northwestern,False,,
dez-fitzpatrick-wr-2021,Dez Fitzpatrick,WR,2021,4.43,,35.0,,7.09,4.26,73,208,Louisville,False,4,109
paris-ford-cb-2021,Paris Ford,CB,2021,4.85,,28.5,110,7.44,4.45,72,197,Pittsburgh,False,,
darrick-forrest-s-2021,Darrick Forrest,S,2021,4.42,21,39.0,132,6.91,4.23,71,206,Cincinnati,False,5,163
miller-forristall-te-2021,Miller Forristall,TE,2021,,,,,,,,,Alabama,False,,
stone-forsythe-ol-2021,Stone Forsythe,OL,2021,5.14,25,27.5,103,7.47,4.65,80,307,Florida,False,6,208
feleipe-franks-qb-2021,Feleipe Franks,QB,2021,4.61,,32.5,117,7.16,4.22,78,234,Arkansas,False,,
pat-freiermuth-te-2021,Pat Freiermuth,TE,2021,,26,,,,,77,251,Penn St.,False,2,55
will-fries-ol-2021,Will Fries,OL,2021,5.37,24,31.0,115,7.77,4.53,78,309,Penn St.,False,7,248
jake-funk-rb-2021,Jake Funk,RB,2021,4.49,22,38.0,122,6.71,4.12,70,204,Maryland,False,7,233
kenneth-gainwell-rb-2021,Kenneth Gainwell,RB,2021,4.42,21,,,,,,201,Memphis,False,5,150
bailey-gaither-wr-2021,Bailey Gaither,WR,2021,4.45,9,31.0,121,7.07,4.39,72,188,San Jose St.,False,,
blake-gallagher-lb-2021,Blake Gallagher,LB,2021,4.83,27,31.5,107,7.23,4.40,71,228,Northwestern,False,,
mark-gilbert-cb-2021,Mark Gilbert,CB,2021,4.47,13,36.0,130,7.05,4.37,72,186,Duke,False,,
tyree-gillespie-s-2021,Tyree Gillespie,S,2021,4.38,15,,,7.06,,,,Missouri,False,4,143
chauncey-golston-de-2021,Chauncey Golston,DE,2021,4.79,,36.0,119,7.52,4.65,76,269,Iowa,False,3,84
tay-gowan-cb-2021,Tay Gowan,CB,2021,4.44,13,35.5,118,6.88,4.25,72,186,Central Florida,False,6,223
taquon-graham-de-2021,Ta'Quon Graham,DE,2021,4.89,32,32.5,113,7.31,4.68,75,292,Texas,False,5,148
richie-grant-cb-2021,Richie Grant,CB,2021,4.49,12,34.5,129,6.78,4.27,71,197,Central Florida,False,2,40
noah-gray-te-2021,Noah Gray,TE,2021,4.55,15,35.0,115,6.83,4.37,75,240,Duke,False,5,162
kendrick-green-ol-2021,Kendrick Green,OL,2021,4.89,25,35.5,119,7.79,4.67,73,305,Illinois,False,3,87
trevon-grimes-wr-2021,Trevon Grimes,WR,2021,4.49,15,35.0,118,6.98,4.28,76,220,Florida,False,,
garrett-groshek-rb-2021,Garrett Groshek,RB,2021,4.64,17,33.5,115,7.08,4.32,71,217,Wisconsin,False,,
robert-hainsey-ol-2021,Robert Hainsey,OL,2021,5.20,32,27.5,104,7.58,4.63,76,306,Notre Dame,False,3,95
darren-hall-cb-2021,Darren Hall,CB,2021,4.47,16,38.5,132,7.07,4.28,71,188,San Diego St.,False,4,108
damar-hamlin-cb-2021,Damar Hamlin,CB,2021,4.60,18,35.0,118,6.93,4.40,72,200,Pittsburgh,False,6,212
mike-hampton-cb-2021,Mike Hampton,CB,2021,,22,,,,,71,186,South Florida,False,,
noah-hannon-ol-2021,Noah Hannon,OL,2021,5.15,15,29.5,108,7.37,4.68,72,238,Appalachian St.,False,,
adrian-hardy-wr-2021,Adrian Hardy,WR,2021,4.61,12,37.5,124,6.96,4.50,73,205,Louisiana Tech,False,,
bryce-hargrove-ol-2021,Bryce Hargrove,OL,2021,5.46,26,27.0,97,8.06,5.03,75,310,Pittsburgh,False,,
darius-harper-ol-2021,Darius Harper,OL,2021,5.05,16,30.5,105,7.70,4.54,78,300,Cincinnati,False,,
scooter-harrington-te-2021,Scooter Harrington,TE,2021,5.19,,29.0,105,7.20,4.53,76,250,Stanford,False,,
jacob-harris-wr-2021,Jacob Harris,WR,2021,4.39,15,40.5,133,6.54,4.31,77,219,Central Florida,False,,
jaylen-harris-wr-2021,Jaylen Harris,WR,2021,4.77,8,30.5,109,7.37,4.50,68,170,Ohio St.,False,,
jake-hausmann-te-2021,Jake Hausmann,TE,2021,4.98,16,29.5,112,7.65,4.44,76,242,Ohio St.,False,,
javian-hawkins-rb-2021,Javian Hawkins,RB,2021,4.46,,36.0,116,6.98,4.23,68,183,Louisville,False,,
daelin-hayes-de-2021,Daelin Hayes,DE,2021,4.71,26,32.5,119,7.17,4.29,75,253,Notre Dame,False,5,171
damon-hazelton-wr-2021,Damon Hazelton,WR,2021,4.60,,37.5,,,,,,Missouri,False,,
jack-heflin-de-2021,Jack Heflin,DE,2021,5.30,,29.0,104,7.61,,,304,Iowa,False,,
brett-heggie-ol-2021,Brett Heggie,OL,2021,5.50,21,26.0,105,7.66,4.69,76,310,Florida,False,,
justin-henderson-rb-2021,Justin Henderson,RB,2021,4.65,26,32.0,118,7.22,4.59,67,220,Louisiana Tech,False,,
khalil-herbert-rb-2021,Khalil Herbert,RB,2021,4.46,22,33.0,115,6.96,4.31,68,210,Virginia Tech,False,6,217
grant-hermanns-ol-2021,Grant Hermanns,OL,2021,,29,27.0,107,7.76,4.81,79,300,Purdue,False,,
malik-herring-de-2021,Malik Herring,DE,2021,,,,,,,75,283,Georgia,False,,
kylin-hill-rb-2021,Kylin Hill,RB,2021,4.51,22,36.0,122,7.13,4.35,70,214,Mississippi St.,False,7,256
trey-hill-ol-2021,Trey Hill,OL,2021,5.50,,,,,,75,319,Georgia,False,6,190
justin-hilliard-lb-2021,Justin Hilliard,LB,2021,4.81,27,34.5,114,7.20,4.34,72,229,Ohio St.,False,,
nate-hobbs-cb-2021,Nate Hobbs,CB,2021,4.48,17,40.5,135,6.85,4.17,71,196,Illinois,False,,
darius-hodge-de-2021,Darius Hodge,DE,2021,4.73,26,38.5,127,7.16,4.67,72,248,Marshall,False,,
jevon-holland-s-2021,Jevon Holland,S,2021,4.48,19,35.5,126,,4.14,72,207,Oregon,False,2,36
jaycee-horn-cb-2021,Jaycee Horn,CB,2021,4.39,19,41.5,133,,,72,205,South Carolina,False,1,8
phil-hoskins-de-2021,Phil Hoskins,DE,2021,5.23,20,30.5,103,7.87,4.85,76,313,Kentucky,False,,
chuba-hubbard-rb-2021,Chuba Hubbard,RB,2021,4.48,20,36.0,120,7.24,4.26,72,210,Oklahoma St.,False,4,126
wyatt-hubert-de-2021,Wyatt Hubert,DE,2021,4.93,,32.5,110,7.03,4.28,74,258,Kansas St.,False,7,235
james-hudson-ol-2021,James Hudson,OL,2021,5.27,22,28.5,98,8.05,4.79,76,313,Cincinnati,False,4,110
talanoa-hufanga-s-2021,Talanoa Hufanga,S,2021,4.65,,,,,,,,USC,False,5,180
justin-hughes-lb-2021,Justin Hughes,LB,2021,5.02,24,28.5,104,7.37,4.84,72,227,Kansas St.,False,,
creed-humphrey-ol-2021,Creed Humphrey,OL,2021,5.11,29,33.0,112,7.50,4.49,76,302,Oklahoma,False,2,63
sadarius-hutcherson-ol-2021,Sadarius Hutcherson,OL,2021,4.95,36,,,,,,321,South Carolina,False,,
josh-imatorbhebhe-wr-2021,Josh Imatorbhebhe,WR,2021,4.53,24,46.5,134,7.10,4.38,72,218,Illinois,False,,
alaric-jackson-ol-2021,Alaric Jackson,OL,2021,5.20,,25.0,103,7.70,,78,321,Iowa,False,,
deon-jackson-rb-2021,Deon Jackson,RB,2021,4.41,18,36.0,123,7.15,4.37,71,218,Duke,False,,
drake-jackson-ol-2021,Drake Jackson,OL,2021,,,31.0,,,,73,293,Kentucky,False,,
tarron-jackson-de-2021,Tarron Jackson,DE,2021,4.68,25,29.0,118,7.45,4.51,74,254,Coastal Carolina,False,6,191
warren-jackson-wr-2021,Warren Jackson,WR,2021,4.68,,33.5,123,7.81,4.53,78,219,Colorado St.,False,,
jerry-jacobs-cb-2021,Jerry Jacobs,CB,2021,4.53,20,34.5,120,6.95,4.33,70,208,Arkansas,False,,
brenden-jaimes-ol-2021,Brenden Jaimes,OL,2021,,25,30.5,112,7.50,4.51,77,298,Nebraska,False,5,159
shemar-jean-charles-cb-2021,Shemar Jean-Charles,CB,2021,4.47,19,35.0,124,7.19,4.27,70,184,Appalachian St.,False,,
jermar-jefferson-rb-2021,Jermar Jefferson,RB,2021,4.57,13,31.0,115,7.38,4.38,70,206,Oregon St.,False,7,257
teven-jenkins-ol-2021,Teven Jenkins,OL,2021,5.01,36,32.5,106,7.72,4.66,77,317,Oklahoma St.,False,2,39
adam-jewell-ol-2021,Adam Jewell,OL,2021,5.37,,27.5,107,,,74,289,Air Force,False,,
sterling-johnson-de-2021,Sterling Johnson,DE,2021,5.22,25,28.0,103,7.56,4.81,75,288,Coastal Carolina,False,,
jerome-johnson-de-2021,Jerome Johnson,DE,2021,5.12,21,27.5,113,7.70,4.66,74,296,Indiana,False,,
jamar-johnson-cb-2021,Jamar Johnson,CB,2021,4.58,17,35.0,122,7.22,4.41,74,205,Indiana,False,5,164
josh-johnson-rb-2021,Josh Johnson,RB,2021,4.61,22,35.5,115,7.16,4.40,68,209,La-Monroe,False,,
johnathon-johnson-wr-2021,Johnathon Johnson,WR,2021,,,,,,,,,Missouri,False,,
mustafa-johnson-de-2021,Mustafa Johnson,DE,2021,,27,29.0,103,7.18,4.51,72,280,Colorado,False,,
patrick-johnson-de-2021,Patrick Johnson,DE,2021,4.59,16,35.0,119,6.97,4.41,78,240,Tulane,False,7,234
zeandae-johnson-de-2021,Zeandae Johnson,DE,2021,4.89,22,27.5,108,,,75,270,California,False,,
jamal-jones-rb-2021,Jamal Jones,RB,2021,4.67,23,28.0,112,7.39,4.65,66,198,Arkansas St.,False,,
ernest-jones-lb-2021,Ernest Jones,LB,2021,4.65,,38.5,,,,73,230,South Carolina,False,3,103
mac-jones-qb-2021,Mac Jones,QB,2021,4.72,,32.0,116,7.04,4.39,74,217,Alabama,False,1,15
naquan-jones-de-2021,Naquan Jones,DE,2021,5.42,20,25.0,100,,4.90,75,313,Michigan St.,False,,
patrick-jones-de-2021,Patrick Jones,DE,2021,4.85,22,31.5,107,,,76,261,Pittsburgh,False,3,90
robert-jones-ol-2021,Robert Jones,OL,2021,5.36,,,,,,76,319,Middle Tenn. St.,False,,
brevin-jordan-te-2021,Brevin Jordan,TE,2021,4.64,17,31.0,116,,,74,247,Miami (FL),False,5,147
kelvin-joseph-cb-2021,Kelvin Joseph,CB,2021,4.34,,35.0,128,7.21,4.22,71,197,Kentucky,False,2,44
terrace-marshall-jr-wr-2021,Terrace Marshall Jr.,WR,2021,4.40,19,39.0,125,,,74,205,LSU,False,,
asante-samuel-jr-cb-2021,Asante Samuel Jr.,CB,2021,4.45,12,35.0,124,6.95,4.13,70,180,Florida St.,False,,
thomas-graham-jr-cb-2021,Thomas Graham Jr.,CB,2021,4.49,13,34.5,121,7.08,4.21,70,192,Oregon,False,,
kary-vincent-jr-cb-2021,Kary Vincent Jr.,CB,2021,4.36,8,35.5,117,,,69,185,LSU,False,7,237
hunter-kampmoyer-te-2021,Hunter Kampmoyer,TE,2021,4.83,21,31.0,113,7.28,4.54,76,243,Oregon,False,,
xavier-kelly-de-2021,Xavier Kelly,DE,2021,5.17,27,27.0,99,,,76,306,Arkansas,False,,
devon-key-cb-2021,Devon Key,CB,2021,4.56,20,38.0,123,7.13,4.15,71,208,Western Kentucky,False,,
cameron-kinley-cb-2021,Cameron Kinley,CB,2021,4.52,10,33.0,116,7.06,4.25,72,197,Navy,False,,
brenden-knox-rb-2021,Brenden Knox,RB,2021,4.67,23,35.0,112,7.19,4.39,70,215,Marshall,False,,
ben-knutson-ol-2021,Ben Knutson,OL,2021,5.27,12,24.0,99,8.01,4.85,79,301,Tulane,False,,
malcolm-koonce-de-2021,Malcolm Koonce,DE,2021,,,,,,,74,249,Buffalo,False,3,79
tommy-kraemer-ol-2021,Tommy Kraemer,OL,2021,,,,,,,77,309,Notre Dame,False,,
adam-krumholz-wr-2021,Adam Krumholz,WR,2021,4.60,11,35.5,118,7.03,4.28,72,193,Wisconsin,False,,
bruno-labelle-te-2021,Bruno Labelle,TE,2021,4.73,19,36.0,123,7.36,4.43,76,247,Cincinnati,False,,
trey-lance-qb-2021,Trey Lance,QB,2021,,,,,,,75,224,North Dakota St.,False,1,3
cole-van-lanen-ol-2021,Cole Van Lanen,OL,2021,5.11,22,30.0,107,7.34,4.64,76,305,Wisconsin,False,6,214
nolan-laufenberg-ol-2021,Nolan Laufenberg,OL,2021,5.34,,29.5,105,7.70,4.77,76,312,Air Force,False,,
trevor-lawrence-qb-2021,Trevor Lawrence,QB,2021,,,,,,,77,213,Clemson,False,1,1
alex-leatherwood-ol-2021,Alex Leatherwood,OL,2021,4.96,,34.5,118,,,77,312,Alabama,False,1,17
richard-lecounte-cb-2021,Richard LeCounte,CB,2021,4.79,,32.5,128,7.44,4.49,70,196,Georgia,False,5,169
riley-lees-wr-2021,Riley Lees,WR,2021,4.47,7,35.0,119,6.78,4.16,71,192,Northwestern,False,,
deommodore-lenoir-cb-2021,Deommodore Lenoir,CB,2021,4.48,15,34.5,121,7.02,4.35,70,199,Oregon,False,5,172
walker-little-ol-2021,Walker Little,OL,2021,5.30,24,29.5,111,7.44,4.59,79,313,Stanford,False,2,45
jeremiah-littles-de-2021,Jeremiah Littles,DE,2021,5.15,17,26.0,98,7.90,4.87,72,278,South Alabama,False,,
roy-lopez-de-2021,Roy Lopez,DE,2021,5.19,36,31.0,105,7.39,4.51,73,304,Arizona,False,,
isaiahh-loudermilk-de-2021,Isaiahh Loudermilk,DE,2021,5.08,21,28.5,112,7.52,4.55,78,274,Wisconsin,False,5,156
artayvious-lynn-te-2021,Artayvious Lynn,TE,2021,,,,,,,76,271,TCU,False,,
branden-mack-wr-2021,Branden Mack,WR,2021,4.66,11,31.0,115,7.13,4.37,77,217,Temple,False,,
cj-marable-rb-2021,CJ Marable,RB,2021,4.59,17,36.0,116,7.25,4.39,66,195,Coastal Carolina,False,,
jonathan-marshall-de-2021,Jonathan Marshall,DE,2021,4.88,36,32.0,114,,,75,310,Arkansas,False,,
ben-mason-te-2021,Ben Mason,TE,2021,4.73,29,37.5,117,6.96,4.42,74,246,Michigan,False,,
mac-mccain-cb-2021,Mac McCain,CB,2021,4.45,13,35.5,123,6.94,4.12,71,186,North Carolina A&T,False,,
khalil-mcclain-wr-2021,Khalil McClain,WR,2021,4.70,15,32.0,114,7.72,4.50,74,214,Troy,False,,
jaylon-mcclain-sapp-cb-2021,Jaylon McClain-Sapp,CB,2021,4.49,14,41.0,125,7.21,4.46,69,183,Marshall,False,,
nick-mccloud-cb-2021,Nick McCloud,CB,2021,4.45,12,34.0,,6.88,4.16,72,193,Notre Dame,False,,
sandon-mccoy-rb-2021,Sandon McCoy,RB,2021,4.78,18,32.0,114,7.47,4.56,70,215,Army,False,,
greg-mccrae-rb-2021,Greg McCrae,RB,2021,4.57,,37.5,124,6.89,4.34,69,182,Central Florida,False,,
tre-mckitty-te-2021,Tre' McKitty,TE,2021,,,,,,,76,247,Georgia,False,3,97
romeo-mcknight-de-2021,Romeo McKnight,DE,2021,4.98,,38.0,118,7.06,4.20,76,252,Charlotte,False,,
isaiah-mckoy-wr-2021,Isaiah McKoy,WR,2021,4.68,12,29.5,114,7.09,4.36,74,200,Kent St.,False,,
racey-mcmath-wr-2021,Racey McMath,WR,2021,4.36,,34.0,124,7.38,4.38,74,217,LSU,False,6,205
joshua-mcmillon-lb-2021,Joshua McMillon,LB,2021,,,,,,,,,Alabama,False,,
zech-mcphearson-cb-2021,Zech McPhearson,CB,2021,4.48,14,40.5,130,6.88,4.00,70,191,Texas Tech,False,,
trae-meadows-cb-2021,Trae Meadows,CB,2021,4.65,6,29.0,118,7.30,4.39,72,183,Western Kentucky,False,,
quinn-meinerz-ol-2021,Quinn Meinerz,OL,2021,4.99,,32.0,111,7.54,4.58,74,320,Wisconsin–Whitewater,False,3,98
ifeatu-melifonwu-cb-2021,Ifeatu Melifonwu,CB,2021,4.48,16,41.5,134,7.01,4.34,74,205,Syracuse,False,3,101
jordan-meredith-ol-2021,Jordan Meredith,OL,2021,5.11,25,32.0,109,7.41,4.62,74,302,Western Kentucky,False,,
forrest-merrill-de-2021,Forrest Merrill,DE,2021,5.27,36,26.5,101,8.24,4.81,72,322,Arkansas St.,False,,
davis-mills-qb-2021,Davis Mills,QB,2021,4.82,,32.0,110,6.95,4.40,75,217,Stanford,False,3,67
dedrick-mills-rb-2021,Dedrick Mills,RB,2021,4.65,13,32.5,117,7.06,4.35,69,217,Nebraska,False,,
dax-milne-wr-2021,Dax Milne,WR,2021,4.54,14,31.0,114,,4.19,,,BYU,False,7,258
andre-mintze-lb-2021,Andre Mintze,LB,2021,4.59,18,,119,,,74,253,Vanderbilt,False,,
elijah-mitchell-rb-2021,Elijah Mitchell,RB,2021,4.38,17,37.5,128,6.94,4.19,70,201,Louisiana,False,6,194
trevon-moehrig-s-2021,Trevon Moehrig,S,2021,4.50,,33.0,,,4.19,,,TCU,False,2,43
elijah-molden-cb-2021,Elijah Molden,CB,2021,4.62,13,36.5,125,,,69,192,Washington,False,3,100
briley-moore-te-2021,Briley Moore,TE,2021,4.66,26,37.5,123,7.24,4.37,76,240,Kansas St.,False,,
jaylon-moore-ol-2021,Jaylon Moore,OL,2021,5.25,27,30.0,106,7.77,4.67,76,311,West. Michigan,False,,
david-moore-qb-2021,David Moore,QB,2021,4.86,,29.5,112,7.62,4.75,72,200,Central Michigan,False,,
elijah-moore-wr-2021,Elijah Moore,WR,2021,4.35,17,36.0,121,6.63,4.07,,,Mississippi,False,2,34
rondale-moore-wr-2021,Rondale Moore,WR,2021,4.28,,42.5,,6.65,4.06,67,180,Purdue,False,2,49
quintin-morris-te-2021,Quintin Morris,TE,2021,4.60,22,34.0,119,7.12,4.55,74,243,Bowling Green,False,,
jimmy-morrissey-ol-2021,Jimmy Morrissey,OL,2021,5.31,26,31.0,105,7.39,4.47,75,303,Pittsburgh,False,7,230
ej-muhammad-cb-2021,E.J. Muhammad,CB,2021,4.72,,31.0,116,7.35,4.40,70,184,Nevada,False,,
israel-mukuamu-cb-2021,Israel Mukuamu,CB,2021,,34,36.0,,,,,,South Carolina,False,6,227
josh-myers-ol-2021,Josh Myers,OL,2021,,29,,,,,77,310,Ohio St.,False,2,62
jonathan-nance-wr-2021,Jonathan Nance,WR,2021,,,,,,,,,Missouri,False,,
hamsah-nasirildeen-cb-2021,Hamsah Nasirildeen,CB,2021,,17,32.0,,7.05,4.31,75,215,Florida St.,False,6,186
lorenzo-neal-de-2021,Lorenzo Neal,DE,2021,5.59,27,,,,,,318,Purdue,False,,
ryan-neuzil-ol-2021,Ryan Neuzil,OL,2021,5.09,30,29.0,102,7.41,4.53,74,301,Appalachian St.,False,,
royce-newman-ol-2021,Royce Newman,OL,2021,5.14,23,28.0,104,7.91,4.75,77,310,Mississippi,False,,
jamie-newman-qb-2021,Jamie Newman,QB,2021,,,,,,,74,234,Georgia,False,,
dazz-newsome-wr-2021,Dazz Newsome,WR,2021,4.59,12,34.0,121,7.38,4.38,70,190,North Carolina,False,6,221
greg-newsome-cb-2021,Greg Newsome,CB,2021,4.39,18,40.0,123,6.90,4.26,72,192,Northwestern,False,1,26
nick-niemann-lb-2021,Nick Niemann,LB,2021,4.45,,33.5,121,6.67,4.14,75,234,Iowa,False,,
daviyon-nixon-de-2021,Daviyon Nixon,DE,2021,4.90,,28.5,106,7.68,4.70,75,313,Iowa,False,5,158
tre-nixon-wr-2021,Tre Nixon,WR,2021,4.44,18,35.5,125,6.81,4.27,72,187,Central Florida,False,7,242
tre-norwood-cb-2021,Tre Norwood,CB,2021,4.58,12,33.5,123,7.65,4.45,71,192,Oklahoma,False,7,245
antonio-nunn-wr-2021,Antonio Nunn,WR,2021,4.50,15,33.5,120,7.12,4.32,71,204,Buffalo,False,,
dayo-odeyingbo-de-2021,Dayo Odeyingbo,DE,2021,,,,,,,77,276,Vanderbilt,False,2,54
nick-oelrich-cb-2021,Nick Oelrich,CB,2021,4.68,13,33.5,117,7.28,4.40,72,203,Florida,False,,
amen-ogbongbemiga-lb-2021,Amen Ogbongbemiga,LB,2021,4.66,24,32.0,112,7.32,4.28,72,231,Oklahoma St.,False,,
adetokunbo-ogundeji-de-2021,Adetokunbo Ogundeji,DE,2021,4.75,22,32.0,120,7.17,4.64,76,260,Notre Dame,False,5,182
azeez-ojulari-lb-2021,Azeez Ojulari,LB,2021,4.63,26,30.0,127,7.27,4.34,74,249,Georgia,False,2,50
levi-onwuzurike-de-2021,Levi Onwuzurike,DE,2021,4.89,29,30.0,109,,,74,290,Washington,False,2,41
joseph-ossai-lb-2021,Joseph Ossai,LB,2021,4.63,19,41.5,131,,,75,256,Texas,False,3,69
jayson-oweh-de-2021,Jayson Oweh,DE,2021,4.36,21,39.5,134,6.83,4.21,77,257,Penn St.,False,1,31
jeremiah-owusu-koramoah-lb-2021,Jeremiah Owusu-Koramoah,LB,2021,,,36.5,124,6.80,4.15,73,221,Notre Dame,False,2,52
jr-pace-cb-2021,JR Pace,CB,2021,4.72,12,35.5,120,6.94,4.24,73,205,Northwestern,False,,
aj-parker-cb-2021,AJ Parker,CB,2021,4.53,10,33.5,117,7.02,4.37,71,182,Kansas St.,False,,
micah-parsons-lb-2021,Micah Parsons,LB,2021,4.39,19,34.0,126,6.89,4.40,75,246,Penn St.,False,1,12
jarrett-patterson-ol-2021,Jarrett Patterson,OL,2021,4.52,,,,,,66,195,Notre Dame,False,,
jaret-patterson-rb-2021,Jaret Patterson,RB,2021,4.59,19,30.0,117,7.03,4.35,66,195,Buffalo,False,,
kwity-paye-de-2021,Kwity Paye,DE,2021,4.52,36,35.3,118,,,74,261,Michigan,False,1,21
josh-pederson-te-2021,Josh Pederson,TE,2021,4.81,19,28.5,110,7.31,4.43,76,234,La-Monroe,False,,
ronnie-perkins-de-2021,Ronnie Perkins,DE,2021,4.71,25,32.0,115,,4.69,74,253,Oklahoma,False,3,96
jordyn-peters-cb-2021,Jordyn Peters,CB,2021,4.70,7,39.5,124,7.14,4.47,72,202,Auburn,False,,
jaelan-phillips-de-2021,Jaelan Phillips,DE,2021,4.56,21,36.0,125,,,77,260,Miami (FL),False,1,18
whop-philyor-wr-2021,Whop Philyor,WR,2021,4.57,14,31.0,120,7.20,4.34,69,184,Indiana,False,,
nick-pickett-s-2021,Nick Pickett,S,2021,4.65,18,35.5,119,7.40,4.43,72,201,Oregon,False,,
jason-pinnock-cb-2021,Jason Pinnock,CB,2021,4.49,15,39.5,128,6.90,4.10,72,204,Pittsburgh,False,,
kyle-pitts-te-2021,Kyle Pitts,TE,2021,4.44,22,33.5,129,7.12,4.30,77,245,Florida,False,1,4
elijah-ponder-de-2021,Elijah Ponder,DE,2021,5.06,27,30.0,101,7.45,4.53,73,268,Cincinnati,False,,
cornell-powell-wr-2021,Cornell Powell,WR,2021,4.53,16,36.5,128,7.03,4.21,72,204,Clemson,False,5,181
blake-proehl-wr-2021,Blake Proehl,WR,2021,4.47,12,36.0,126,7.00,4.06,73,186,East Carolina,False,,
dillon-radunz-ol-2021,Dillon Radunz,OL,2021,5.16,24,32.0,112,7.27,4.57,77,301,North Dakota St.,False,2,53
trey-ragas-rb-2021,Trey Ragas,RB,2021,4.60,23,33.5,117,7.19,4.50,70,214,Louisiana,False,,
john-raine-te-2021,John Raine,TE,2021,5.05,15,31.0,107,7.32,4.54,73,231,Northwestern,False,,
peyton-ramsey-qb-2021,Peyton Ramsey,QB,2021,4.77,,28.0,108,7.28,4.41,73,215,Northwestern,False,,
hamilcar-rashed-lb-2021,Hamilcar Rashed,LB,2021,4.58,25,35.5,128,7.51,4.44,74,251,Oregon St.,False,,
jon-rhattigan-lb-2021,Jon Rhattigan,LB,2021,4.77,22,32.0,111,7.41,4.30,72,236,Army,False,,
monty-rice-lb-2021,Monty Rice,LB,2021,4.58,,32.0,121,7.34,4.33,72,233,Georgia,False,3,92
curtis-robinson-lb-2021,Curtis Robinson,LB,2021,4.60,22,37.5,117,7.00,4.26,75,236,Stanford,False,,
aaron-robinson-cb-2021,Aaron Robinson,CB,2021,4.39,15,37.0,123,6.89,4.29,71,186,Central Florida,False,3,71
quincy-roche-de-2021,Quincy Roche,DE,2021,,23,32.5,119,,,,,Miami (FL),False,6,216
robert-rochell-cb-2021,Robert Rochell,CB,2021,4.41,9,43.0,133,6.84,4.08,71,193,Central Arkansas,False,4,130
amari-rodgers-wr-2021,Amari Rodgers,WR,2021,4.52,19,33.0,121,7.07,4.31,69,212,Clemson,False,3,85
asim-rose-rb-2021,Asim Rose,RB,2021,4.51,24,34.0,120,7.25,4.62,73,215,Kentucky,False,,
larry-rountree-rb-2021,Larry Rountree,RB,2021,4.62,,30.0,,6.96,,,,Missouri,False,6,198
gregory-rousseau-de-2021,Gregory Rousseau,DE,2021,4.68,21,30.0,115,,,78,266,Miami (FL),False,1,30
dionte-ruffin-cb-2021,Dionte Ruffin,CB,2021,4.54,8,36.5,127,7.05,4.27,70,180,Western Kentucky,False,,
chris-rumph-de-2021,Chris Rumph,DE,2021,,18,,,,,74,244,Duke,False,4,118
kj-sails-cb-2021,K.J. Sails,CB,2021,4.67,9,32.5,114,7.08,4.44,70,177,South Florida,False,,
teton-saltes-ol-2021,Teton Saltes,OL,2021,5.04,22,30.5,105,7.76,4.64,76,300,New Mexico,False,,
cameron-sample-de-2021,Cameron Sample,DE,2021,4.72,23,37.0,116,7.39,4.48,74,267,Tulane,False,,
foster-sarell-ol-2021,Foster Sarell,OL,2021,5.54,26,27.0,97,7.63,4.69,78,318,Stanford,False,,
mekhi-sargent-rb-2021,Mekhi Sargent,RB,2021,4.62,,33.5,114,7.08,4.39,68,208,Iowa,False,,
thomas-schaffer-de-2021,Thomas Schaffer,DE,2021,,23,,,,,78,302,Stanford,False,,
ry-schneider-ol-2021,Ry Schneider,OL,2021,5.67,26,23.5,85,8.51,5.37,74,312,Oklahoma St.,False,,
anthony-schwartz-wr-2021,Anthony Schwartz,WR,2021,4.27,,32.0,123,7.13,4.25,72,186,Auburn,False,3,91
jordon-scott-de-2021,Jordon Scott,DE,2021,,23,,,,,72,311,Oregon,False,,
stevie-scott-rb-2021,Stevie Scott,RB,2021,4.66,18,31.0,119,7.14,4.57,72,225,Indiana,False,,
trey-sermon-rb-2021,Trey Sermon,RB,2021,4.57,,37.0,125,6.83,4.28,72,215,Ohio St.,False,3,88
penei-sewell-ol-2021,Penei Sewell,OL,2021,5.13,30,28.0,109,7.76,4.68,76,331,Oregon,False,1,7
tyler-shelvin-de-2021,Tyler Shelvin,DE,2021,5.40,,28.5,97,8.15,5.05,74,350,LSU,False,4,122
william-sherman-ol-2021,William Sherman,OL,2021,5.19,23,26.0,108,7.71,4.82,75,304,Colorado,False,6,197
jamien-sherwood-cb-2021,Jamien Sherwood,CB,2021,4.76,15,36.0,123,7.15,4.36,73,216,Auburn,False,5,146
jacob-shoemaker-ol-2021,Jacob Shoemaker,OL,2021,5.49,20,24.0,93,8.20,5.02,75,319,South Alabama,False,,
george-silvanic-de-2021,George Silvanic,DE,2021,5.21,,29.5,105,7.50,4.60,77,286,Air Force,False,,
antjuan-simmons-lb-2021,Antjuan Simmons,LB,2021,4.80,,,,,,71,218,Michigan St.,False,,
ben-skowronek-wr-2021,Ben Skowronek,WR,2021,,13,,,,,74,220,Notre Dame,False,,
rashawn-slater-ol-2021,Rashawn Slater,OL,2021,4.91,33,33.0,112,7.48,4.45,76,304,Northwestern,False,1,13
tedarrell-slaton-de-2021,Tedarrell Slaton,DE,2021,5.09,27,29.0,109,7.91,4.81,76,330,Florida,False,5,173
trystan-slinker-lb-2021,Trystan Slinker,LB,2021,4.84,20,30.5,119,7.59,4.63,70,234,Baylor,False,,
shaq-smith-lb-2021,Shaq Smith,LB,2021,4.79,22,30.0,110,7.34,4.30,74,237,Maryland,False,,
dante-smith-ol-2021,D'Ante Smith,OL,2021,5.29,24,29.0,113,7.96,4.81,77,305,East Carolina,False,,
dante-smith-lb-2021,DAnte Smith,LB,2021,5.29,24,29.0,113,7.96,4.81,77,305,Arizona,False,,
brandon-smith-wr-2021,Brandon Smith,WR,2021,4.62,,39.5,130,,,73,218,Iowa,False,,
elerson-smith-de-2021,Elerson Smith,DE,2021,4.71,26,41.5,127,7.00,4.39,,,Northern Iowa,False,4,116
jordan-smith-lb-2021,Jordan Smith,LB,2021,4.80,16,33.0,117,,,77,264,Ala-Birmingham,False,4,121
zach-smith-qb-2021,Zach Smith,QB,2021,5.23,,29.5,111,7.26,4.52,75,222,Tulsa,False,,
ihmir-smith-marsette-wr-2021,Ihmir Smith-Marsette,WR,2021,4.43,,37.0,124,7.00,4.20,72,181,Iowa,False,5,157
benjamin-st-juste-cb-2021,Benjamin St-Juste,CB,2021,4.51,11,34.5,119,6.63,3.96,75,202,Minnesota,False,3,74
caden-sterns-cb-2021,Caden Sterns,CB,2021,4.41,14,42.0,128,6.96,4.13,71,202,Texas,False,5,152
jacoby-stevens-s-2021,Jacoby Stevens,S,2021,4.63,,42.0,130,,,73,212,LSU,False,6,224
marquez-stevenson-wr-2021,Marquez Stevenson,WR,2021,4.48,,33.0,122,6.76,4.14,70,180,Houston,False,6,203
rhamondre-stevenson-rb-2021,Rhamondre Stevenson,RB,2021,4.64,15,31.5,112,7.09,4.15,71,231,Oklahoma,False,4,120
brad-stewart-cb-2021,Brad Stewart,CB,2021,4.59,11,33.5,126,,4.44,72,195,Florida,False,,
darius-stills-de-2021,Darius Stills,DE,2021,4.98,23,32.5,110,7.18,4.49,72,278,West Virginia,False,,
donovan-stiner-cb-2021,Donovan Stiner,CB,2021,4.56,15,34.5,127,7.08,4.30,73,205,Florida,False,,
eric-stokes-cb-2021,Eric Stokes,CB,2021,4.31,14,38.5,128,6.96,4.36,72,194,Georgia,False,1,29
mason-stokke-rb-2021,Mason Stokke,RB,2021,4.96,22,30.5,112,7.20,4.34,74,242,Wisconsin,False,,
jack-stoll-te-2021,Jack Stoll,TE,2021,4.60,16,31.5,119,6.86,4.32,75,247,Nebraska,False,,
dillon-stoner-wr-2021,Dillon Stoner,WR,2021,4.51,16,37.0,123,6.96,4.13,72,194,Oklahoma St.,False,,
eli-stove-wr-2021,Eli Stove,WR,2021,4.54,14,30.5,119,7.34,4.40,71,194,Auburn,False,,
corey-straughter-cb-2021,Corey Straughter,CB,2021,4.62,11,35.0,117,7.37,4.58,70,184,La-Monroe,False,,
elijah-sullivan-lb-2021,Elijah Sullivan,LB,2021,4.69,13,,115,7.12,4.31,72,214,Kansas St.,False,,
chazz-surratt-lb-2021,Chazz Surratt,LB,2021,4.58,25,31.0,,7.02,4.16,74,229,North Carolina,False,3,78
sage-surratt-wr-2021,Sage Surratt,WR,2021,4.66,18,,,,4.25,74,209,Wake Forest,False,,
patrick-surtain-cb-2021,Patrick Surtain,CB,2021,4.42,18,39.0,131,,,74,208,Alabama,False,1,9
jovan-swann-de-2021,Jovan Swann,DE,2021,4.90,34,30.5,109,7.74,4.75,74,291,Indiana,False,,
tim-tanner-blair-ol-2021,Tim Tanner-Blair,OL,2021,5.59,32,21.0,93,8.06,4.95,75,288,Bowling Green,False,,
keith-taylor-cb-2021,Keith Taylor,CB,2021,4.54,12,33.5,127,6.85,4.26,74,187,Washington,False,5,166
tamorrion-terry-wr-2021,Tamorrion Terry,WR,2021,4.44,15,32.5,126,7.00,4.53,74,207,Florida St.,False,,
kiondre-thomas-cb-2021,Kiondre Thomas,CB,2021,4.44,10,37.5,122,6.94,4.35,71,186,Kansas St.,False,,
ambry-thomas-cb-2021,Ambry Thomas,CB,2021,4.37,15,38.0,122,,,71,191,Michigan,False,3,102
zac-thomas-qb-2021,Zac Thomas,QB,2021,4.59,,30.0,115,7.06,4.28,72,205,Appalachian St.,False,,
tyree-thompson-lb-2021,Tyree Thompson,LB,2021,5.00,18,31.0,109,7.87,4.96,73,229,Buffalo,False,,
kevin-thomson-qb-2021,Kevin Thomson,QB,2021,4.75,21,35.5,126,6.98,4.23,72,198,Washington,False,,
tommy-togiai-de-2021,Tommy Togiai,DE,2021,4.97,40,32.0,105,7.20,4.49,73,296,Ohio St.,False,4,132
kadarius-toney-wr-2021,Kadarius Toney,WR,2021,4.39,9,39.5,136,6.88,4.25,71,193,Florida,False,1,20
shaka-toney-de-2021,Shaka Toney,DE,2021,4.51,24,39.0,128,6.95,4.28,74,242,Penn St.,False,7,246
khyiris-tonga-de-2021,Khyiris Tonga,DE,2021,,35,,,,,,,BYU,False,7,250
kyle-trask-qb-2021,Kyle Trask,QB,2021,5.10,,31.5,113,7.08,4.60,77,236,Florida,False,2,64
tommy-tremble-te-2021,Tommy Tremble,TE,2021,4.60,20,36.5,122,,,75,241,Notre Dame,False,3,83
harry-trotter-rb-2021,Harry Trotter,RB,2021,4.63,22,32.5,112,,,68,207,Kansas St.,False,,
joe-tryon-lb-2021,Joe Tryon,LB,2021,4.69,22,35.0,116,7.18,4.36,77,259,Washington,False,1,32
israel-tucker-rb-2021,Israel Tucker,RB,2021,4.60,20,38.5,123,7.25,4.52,67,194,Louisiana Tech,False,,
carl-tucker-te-2021,Carl Tucker,TE,2021,,,,,,,,,Alabama,False,,
ethan-tucky-lb-2021,Ethan Tucky,LB,2021,4.62,21,31.5,115,7.08,4.30,73,231,Cincinnati,False,,
jay-tufele-de-2021,Jay Tufele,DE,2021,5.00,30,30.0,105,7.80,4.88,74,305,USC,False,4,106
syrus-tuitele-ol-2021,Syrus Tuitele,OL,2021,5.21,36,26.0,94,8.25,4.89,77,311,Fresno St.,False,,
payton-turner-de-2021,Payton Turner,DE,2021,,23,35.5,,6.98,4.33,77,268,Houston,False,1,28
christian-tutt-cb-2021,Christian Tutt,CB,2021,4.73,,29.5,110,7.22,4.25,70,180,Auburn,False,,
jaylen-twyman-de-2021,Jaylen Twyman,DE,2021,5.40,40,32.5,104,8.00,,73,301,Pittsburgh,False,6,199
evan-tyler-s-2021,Evan Tyler,S,2021,4.58,13,33.0,117,7.14,4.32,73,199,Boise St.,False,,
tyler-vaughns-wr-2021,Tyler Vaughns,WR,2021,4.62,7,31.5,120,7.13,4.36,73,190,USC,False,,
alijah-vera-tucker-ol-2021,Alijah Vera-Tucker,OL,2021,5.05,36,32.0,106,7.67,4.70,76,308,USC,False,1,14
gunnar-vogel-ol-2021,Gunnar Vogel,OL,2021,5.47,23,26.0,105,7.67,4.92,78,306,Northwestern,False,,
lamont-wade-s-2021,Lamont Wade,S,2021,4.47,16,35.5,118,7.14,4.34,69,190,Penn St.,False,,
shaun-wade-cb-2021,Shaun Wade,CB,2021,,,,,,,72,196,Ohio St.,False,5,160
tre-walker-wr-2021,Tre Walker,WR,2021,4.58,,28.0,113,7.75,4.47,70,178,San Jose St.,False,,
tylan-wallace-wr-2021,Tylan Wallace,WR,2021,4.48,11,33.0,112,6.97,4.25,71,194,Oklahoma St.,False,4,131
garret-wallow-lb-2021,Garret Wallow,LB,2021,4.65,22,32.5,122,6.87,4.12,,,TCU,False,5,170
ardarius-washington-s-2021,Ar'Darius Washington,S,2021,4.61,17,37.5,127,7.06,4.10,67,178,TCU,False,,
jamar-watson-lb-2021,Jamar Watson,LB,2021,4.78,19,30.0,,7.31,4.58,73,241,Kentucky,False,,
rashad-weaver-de-2021,Rashad Weaver,DE,2021,4.88,20,32.0,114,6.97,4.26,76,259,Pittsburgh,False,4,135
mark-webb-cb-2021,Mark Webb,CB,2021,4.61,,36.5,136,7.30,4.52,73,207,Georgia,False,7,241
connor-wedington-wr-2021,Connor Wedington,WR,2021,4.47,13,38.5,117,6.66,4.07,72,196,Stanford,False,,
pro-wells-te-2021,Pro Wells,TE,2021,,,,,,,,,TCU,False,,
pete-werner-lb-2021,Pete Werner,LB,2021,4.58,20,39.5,122,6.95,4.38,74,238,Ohio St.,False,2,60
devon-wharton-de-2021,Devon Wharton,DE,2021,5.10,4,30.5,115,8.12,4.70,74,215,Western Kentucky,False,,
jarell-white-lb-2021,Jarell White,LB,2021,4.58,22,35.0,125,7.21,4.35,68,202,Cincinnati,False,,
brendon-white-cb-2021,Brendon White,CB,2021,4.66,19,34.5,112,6.82,4.33,73,215,Rutgers,False,,
brady-white-qb-2021,Brady White,QB,2021,4.84,,29.0,,6.97,4.33,73,210,Memphis,False,,
james-wiggins-s-2021,James Wiggins,S,2021,4.40,22,38.0,127,,,71,209,Cincinnati,False,7,243
rachad-wildgoose-cb-2021,Rachad Wildgoose,CB,2021,4.53,11,36.0,120,7.09,4.18,71,197,Wisconsin,False,6,213
drew-wiley-de-2021,Drew Wiley,DE,2021,5.24,24,34.0,112,7.34,4.45,76,294,Kansas St.,False,,
carson-williams-ol-2021,Carson Williams,OL,2021,4.79,18,38.0,115,,,76,254,Arkansas St.,False,,
avery-williams-cb-2021,Avery Williams,CB,2021,4.43,19,33.5,121,6.88,4.00,68,187,Boise St.,False,5,183
javonte-williams-rb-2021,Javonte Williams,RB,2021,4.55,22,36.0,123,6.97,4.09,69,212,North Carolina,False,2,35
marlon-williams-wr-2021,Marlon Williams,WR,2021,4.63,14,33.5,119,,4.57,71,209,Central Florida,False,,
milton-williams-de-2021,Milton Williams,DE,2021,4.67,34,38.5,121,6.96,4.33,75,284,Louisiana Tech,False,3,73
pooka-williams-rb-2021,Pooka Williams,RB,2021,4.46,4,31.5,118,7.03,4.26,69,170,Kansas,False,,
rodarius-williams-cb-2021,Rodarius Williams,CB,2021,4.50,14,36.5,123,6.98,4.15,71,189,Oklahoma St.,False,6,201
seth-williams-wr-2021,Seth Williams,WR,2021,4.49,12,37.0,124,7.20,4.43,75,211,Auburn,False,6,219
trill-williams-cb-2021,Trill Williams,CB,2021,,20,36.0,123,,,74,208,Syracuse,False,,
marco-wilson-cb-2021,Marco Wilson,CB,2021,4.37,26,43.5,136,6.80,4.13,71,191,Florida,False,4,136
marvin-wilson-de-2021,Marvin Wilson,DE,2021,5.12,23,25.5,107,7.64,4.91,75,303,Florida St.,False,,
zach-wilson-qb-2021,Zach Wilson,QB,2021,,,,,,,74,214,BYU,False,1,2
brock-wright-te-2021,Brock Wright,TE,2021,4.62,26,31.5,118,7.27,4.25,76,257,Notre Dame,False,,
nahshon-wright-cb-2021,Nahshon Wright,CB,2021,4.46,6,31.0,126,7.24,4.57,76,183,Oregon St.,False,3,99
kenny-yeboah-te-2021,Kenny Yeboah,TE,2021,,,34.0,116,,,75,250,Mississippi,False,,
devonte-young-cb-2021,Devonte Young,CB,2021,4.70,,32.0,118,7.41,4.38,71,195,Iowa,False,,
landon-young-ol-2021,Landon Young,OL,2021,5.00,34,30.5,108,7.70,4.89,78,310,Kentucky,False,6,206
austin-allen-te-2022,Austin Allen,TE,2022,4.83,,34.0,121,7.00,4.26,80,253,Nebraska,False,,
chase-allen-te-2022,Chase Allen,TE,2022,,,33.5,117,7.03,4.43,78,251,Iowa St.,False,,
christopher-allen-de-2022,Christopher Allen,DE,2022,,,,,,,76,241,Alabama,False,,
tyler-allgeier-rb-2022,Tyler Allgeier,RB,2022,4.60,,33.0,120,,,71,224,BYU,False,5,151
troy-andersen-lb-2022,Troy Andersen,LB,2022,4.42,,36.0,128,,,76,243,Montana St.,False,2,58
tycen-anderson-s-2022,Tycen Anderson,S,2022,4.36,,35.5,123,6.64,4.28,74,209,Toledo,False,5,166
blaise-andries-ol-2022,Blaise Andries,OL,2022,5.10,,30.5,106,7.84,4.68,78,308,Minnesota,False,,
jalyn-armour-davis-cb-2022,Jalyn Armour-Davis,CB,2022,4.39,14,34.5,,,,73,197,Alabama,False,4,119
brian-asamoah-lb-2022,Brian Asamoah,LB,2022,4.56,,36.5,124,,,72,226,Oklahoma,False,3,66
calvin-austin-wr-2022,Calvin Austin,WR,2022,4.32,,39.0,135,6.65,4.07,68,170,Memphis,False,4,138
tyler-badie-rb-2022,Tyler Badie,RB,2022,4.45,,33.5,121,,,68,197,Missouri,False,6,196
kalon-barnes-cb-2022,Kalon Barnes,CB,2022,4.23,,,,,,72,183,Baylor,False,7,242
amar-barno-de-2022,Amaré Barno,DE,2022,4.36,,37.0,131,,4.45,77,246,Virginia Tech,False,6,189
darrian-beavers-lb-2022,Darrian Beavers,LB,2022,,,36.5,125,6.91,,76,237,Cincinnati,False,6,182
markquese-bell-s-2022,Markquese Bell,S,2022,4.41,,36.5,123,,4.46,74,212,Florida A&M,False,,
david-bell-wr-2022,David Bell,WR,2022,4.65,,33.0,118,7.14,4.57,73,212,Purdue,False,3,99
greg-bell-rb-2022,Greg Bell,RB,2022,,17,31.0,120,,,71,201,San Diego St.,False,,
daniel-bellinger-te-2022,Daniel Bellinger,TE,2022,4.63,22,34.5,125,7.05,4.47,77,253,San Diego St.,False,4,112
dane-belton-s-2022,Dane Belton,S,2022,4.43,,36.5,123,7.01,4.24,73,205,Iowa,False,4,114
terrel-bernard-lb-2022,Terrel Bernard,LB,2022,,22,35.5,123,7.03,4.25,73,224,Baylor,False,3,89
bubba-bolden-s-2022,Bubba Bolden,S,2022,4.47,,,116,,,74,209,Miami,False,,
slade-bolden-wr-2022,Slade Bolden,WR,2022,4.66,,32.0,116,,,71,193,Alabama,False,,
nik-bonitto-de-2022,Nik Bonitto,DE,2022,4.54,,35.5,120,7.07,4.23,75,248,Oklahoma,False,2,64
thomas-booker-de-2022,Thomas Booker,DE,2022,4.94,,,110,7.33,4.41,75,301,Stanford,False,5,150
andrew-booth-cb-2022,Andrew Booth,CB,2022,,,,,,,72,194,Clemson,False,2,42
max-borghi-rb-2022,Max Borghi,RB,2022,,20,,,,,69,210,Washington St.,False,,
jaquan-brisker-s-2022,Jaquan Brisker,S,2022,4.49,22,34.5,124,,,73,199,Penn St.,False,2,48
kennedy-brooks-rb-2022,Kennedy Brooks,RB,2022,4.59,,31.0,120,,,71,209,Oklahoma,False,,
ben-brown-ol-2022,Ben Brown,OL,2022,,,,,,,77,312,Mississippi,False,,
leddie-brown-rb-2022,Leddie Brown,RB,2022,4.64,,30.0,118,,,72,213,West Virginia,False,,
montaric-brown-cb-2022,Montaric Brown,CB,2022,4.55,,,,,,72,196,Arkansas,False,7,222
logan-bruss-ol-2022,Logan Bruss,OL,2022,5.32,,31.0,112,7.57,4.55,77,309,Wisconsin,False,3,104
coby-bryant-cb-2022,Coby Bryant,CB,2022,4.54,17,,,,,73,193,Cincinnati,False,4,109
spencer-burford-ol-2022,Spencer Burford,OL,2022,5.19,,27.5,105,,4.73,76,304,Texas-San Antonio,False,4,134
treylon-burks-wr-2022,Treylon Burks,WR,2022,4.55,,33.0,122,7.28,,74,225,Arkansas,False,1,18
darien-butler-lb-2022,Darien Butler,LB,2022,,,,,7.47,,70,221,Arizona St.,False,,
matthew-butler-de-2022,Matthew Butler,DE,2022,5.00,17,32.0,112,7.89,4.81,76,297,Tennessee,False,5,175
percy-butler-s-2022,Percy Butler,S,2022,4.36,,31.5,123,,,72,194,Louisiana,False,4,113
grant-calcaterra-te-2022,Grant Calcaterra,TE,2022,4.62,20,,,,,76,241,SMU,False,6,198
chance-campbell-lb-2022,Chance Campbell,LB,2022,4.57,,39.5,127,,,74,232,Mississippi,False,6,219
jatyre-carter-ol-2022,Ja'Tyre Carter,OL,2022,5.13,,30.0,108,7.84,4.90,75,311,Southern,False,7,226
zachary-carter-de-2022,Zachary Carter,DE,2022,4.99,19,27.5,110,,,76,282,Florida,False,3,95
tariq-castro-fields-cb-2022,Tariq Castro-Fields,CB,2022,4.38,,,,,,73,197,Penn St.,False,6,221
tykevious-chandler-rb-2022,Tykevious Chandler,RB,2022,4.38,,31.0,121,,,71,204,North Carolina,False,5,169
leo-chenal-lb-2022,Leo Chenal,LB,2022,4.53,,40.5,128,,,75,250,Wisconsin,False,3,103
lewis-cine-s-2022,Lewis Cine,S,2022,4.37,,36.5,133,,,74,199,Georgia,False,1,32
damone-clark-lb-2022,Damone Clark,LB,2022,4.57,,36.5,127,7.12,,75,239,LSU,False,5,176
micheal-clemons-de-2022,Micheal Clemons,DE,2022,,24,,116,,,77,263,Texas A&M,False,4,117
jack-coan-qb-2022,Jack Coan,QB,2022,4.90,,33.0,115,6.95,4.39,75,218,Notre Dame,False,,
qwynnterrio-cole-s-2022,Qwynnterrio Cole,S,2022,,16,,,,,72,206,Louisville,False,,
snoop-conner-rb-2022,Snoop Conner,RB,2022,4.59,25,29.5,118,,,70,222,Mississippi,False,5,154
bryan-cook-s-2022,Bryan Cook,S,2022,,,,,,,73,206,Cincinnati,False,2,62
james-cook-rb-2022,James Cook,RB,2022,4.42,,33.0,124,,,71,199,Georgia,False,2,63
jashaun-corbin-rb-2022,Jashaun Corbin,RB,2022,,,,,,,71,202,Florida St.,False,,
yusuf-corker-s-2022,Yusuf Corker,S,2022,,23,,,,,72,203,Kentucky,False,,
matt-corral-qb-2022,Matt Corral,QB,2022,,,,,,,74,212,Mississippi,False,3,94
charles-cross-ol-2022,Charles Cross,OL,2022,4.95,,26.0,112,7.88,4.61,77,307,Mississippi St.,False,1,9
nick-cross-s-2022,Nick Cross,S,2022,4.34,,37.0,130,,,72,212,Maryland,False,3,96
dustin-crum-qb-2022,Dustin Crum,QB,2022,4.75,,32.5,120,,4.36,73,210,Kent St.,False,,
myron-cunningham-ol-2022,Myron Cunningham,OL,2022,5.38,,20.0,98,8.50,5.16,77,320,Arkansas,False,,
dj-davidson-de-2022,DJ Davidson,DE,2022,,23,28.0,,7.85,4.72,75,327,Arizona St.,False,5,147
jordan-davis-de-2022,Jordan Davis,DE,2022,4.78,,32.0,123,,,78,341,Georgia,False,1,13
kalia-davis-de-2022,Kalia Davis,DE,2022,,,,,,,73,302,Central Florida,False,6,220
tyrion-davis-price-rb-2022,Tyrion Davis-Price,RB,2022,4.48,,30.0,117,,,72,211,LSU,False,3,93
nakobe-dean-lb-2022,Nakobe Dean,LB,2022,,,,,,,71,229,Georgia,False,3,83
dawson-deaton-ol-2022,Dawson Deaton,OL,2022,5.12,24,29.0,108,7.52,4.49,78,306,Texas Tech,False,7,246
austin-deculus-ol-2022,Austin Deculus,OL,2022,5.08,,28.5,109,,4.99,77,321,LSU,False,6,205
kellen-diesch-ol-2022,Kellen Diesch,OL,2022,4.89,,32.5,110,7.77,4.43,79,301,Arizona St.,False,,
daijean-dixon-wr-2022,Dai'Jean Dixon,WR,2022,4.62,,34.0,125,7.28,4.42,75,205,Nicholls St.,False,,
jojo-domann-lb-2022,JoJo Domann,LB,2022,4.62,,34.5,119,,,73,228,Nebraska,False,,
jahan-dotson-wr-2022,Jahan Dotson,WR,2022,4.43,,36.0,121,7.28,,71,178,Penn St.,False,1,16
romeo-doubs-wr-2022,Romeo Doubs,WR,2022,,,,,,,74,201,Nevada,False,4,132
dontario-drummond-wr-2022,Dontario Drummond,WR,2022,4.65,,34.0,122,,,73,215,Mississippi,False,,
greg-dulcich-te-2022,Greg Dulcich,TE,2022,4.69,16,34.0,122,7.05,4.37,76,243,UCLA,False,3,80
william-dunkle-ol-2022,William Dunkle,OL,2022,5.44,25,26.0,95,7.97,4.91,77,328,San Diego St.,False,,
cobie-durant-cb-2022,Cobie Durant,CB,2022,4.38,,,,,,70,180,South Carolina St.,False,4,142
jerrion-ealy-rb-2022,Jerrion Ealy,RB,2022,4.52,,34.5,128,,,68,189,Mississippi,False,,
arnold-ebiketie-de-2022,Arnold Ebiketie,DE,2022,,21,38.0,128,,,74,250,Penn St.,False,2,38
trestan-ebner-rb-2022,Trestan Ebner,RB,2022,4.43,,30.0,,,,71,206,Baylor,False,6,203
ikem-ekwonu-ol-2022,Ikem Ekwonu,OL,2022,4.93,,29.0,108,7.82,4.73,76,310,North Carolina St.,False,1,6
kaiir-elam-cb-2022,Kaiir Elam,CB,2022,4.39,,,,,,74,191,Florida,False,1,23
kaleb-eleby-qb-2022,Kaleb Eleby,QB,2022,,,25.5,111,7.57,,73,208,Western Michigan,False,,
noah-elliss-de-2022,Noah Elliss,DE,2022,5.66,,,,,,76,346,Idaho,False,,
martin-emerson-cb-2022,Martin Emerson,CB,2022,4.53,,,,,,74,201,Mississippi St.,False,3,68
kingsley-enagbare-de-2022,Kingsley Enagbare,DE,2022,4.87,,36.5,117,,,76,258,South Carolina,False,5,179
akayleb-evans-cb-2022,Akayleb Evans,CB,2022,4.46,,36.0,129,,,74,197,Missouri,False,4,118
obinna-eze-ol-2022,Obinna Eze,OL,2022,5.17,18,27.5,104,8.20,5.08,79,321,TCU,False,,
joshua-ezeudu-ol-2022,Joshua Ezeudu,OL,2022,5.19,,28.5,105,7.83,4.56,76,308,North Carolina,False,3,67
erik-ezukanma-wr-2022,Erik Ezukanma,WR,2022,,,36.5,126,,4.38,74,209,Texas Tech,False,4,125
daniel-faalele-ol-2022,Daniel Faalele,OL,2022,,24,,,,,80,384,Minnesota,False,4,110
neil-farrell-de-2022,Neil Farrell,DE,2022,5.41,,21.5,,8.41,,76,330,LSU,False,4,126
jake-ferguson-te-2022,Jake Ferguson,TE,2022,4.81,15,31.5,118,7.03,4.48,77,250,Wisconsin,False,4,129
damarcus-fields-cb-2022,DaMarcus Fields,CB,2022,4.48,,34.5,,,,72,193,Texas Tech,False,,
cordale-flott-cb-2022,Cordale Flott,CB,2022,,,,,,,73,175,LSU,False,3,81
jerome-ford-rb-2022,Jerome Ford,RB,2022,4.46,,31.0,118,,,71,210,Cincinnati,False,5,156
jonathan-ford-de-2022,Jonathan Ford,DE,2022,,,29.0,102,,,77,333,Miami,False,7,234
luke-fortner-ol-2022,Luke Fortner,OL,2022,5.21,,24.0,102,7.75,4.95,76,307,Kentucky,False,3,65
ty-fryfogle-wr-2022,Ty Fryfogle,WR,2022,4.53,,39.0,127,,,73,204,Indiana,False,,
ahmad-gardner-cb-2022,Ahmad Gardner,CB,2022,4.41,,,,,,75,190,Cincinnati,False,1,4
haskell-garrett-de-2022,Haskell Garrett,DE,2022,5.07,,24.0,,,,74,300,Ohio St.,False,,
jeremiah-gemmel-lb-2022,Jeremiah Gemmel,LB,2022,,,,,,,73,226,North Carolina,False,,
luke-goedeke-ol-2022,Luke Goedeke,OL,2022,,26,,,,,77,312,Central Michigan,False,2,57
mario-goodrich-cb-2022,Mario Goodrich,CB,2022,4.52,,,,,,72,176,Clemson,False,,
tyler-goodson-rb-2022,Tyler Goodson,RB,2022,4.42,,36.5,123,,,69,197,Iowa,False,,
kyler-gordon-cb-2022,Kyler Gordon,CB,2022,4.52,,,,,,72,194,Washington,False,2,39
isaiah-graham-mobley-lb-2022,Isaiah Graham-Mobley,LB,2022,4.63,,34.5,124,,,73,230,Boston Col.,False,,
danny-gray-wr-2022,Danny Gray,WR,2022,4.33,,34.0,126,,,72,186,SMU,False,3,105
vincent-gray-cb-2022,Vincent Gray,CB,2022,4.54,,,,,,74,192,Michigan,False,,
kenyon-green-ol-2022,Kenyon Green,OL,2022,5.24,20,26.0,102,,5.12,76,323,Texas A&M,False,1,15
jeffrey-gunter-de-2022,Jeffrey Gunter,DE,2022,4.70,,35.5,122,7.21,4.35,76,258,Coastal Carolina,False,7,252
breece-hall-rb-2022,Breece Hall,RB,2022,4.39,,40.0,126,,,71,217,Iowa St.,False,2,36
jeremiah-hall-te-2022,Jeremiah Hall,TE,2022,4.96,19,29.0,111,7.43,4.62,74,239,Oklahoma,False,,
logan-hall-de-2022,Logan Hall,DE,2022,4.88,,30.0,,7.25,4.44,78,283,Houston,False,2,33
kyle-hamilton-s-2022,Kyle Hamilton,S,2022,4.59,,38.0,131,6.90,4.32,76,220,Notre Dame,False,1,14
jake-hansen-lb-2022,Jake Hansen,LB,2022,,21,,,,,73,238,Illinois,False,,
aaron-hansford-lb-2022,Aaron Hansford,LB,2022,,24,,,,,74,239,Texas A&M,False,,
christian-harris-lb-2022,Christian Harris,LB,2022,4.44,,34.5,132,,,73,226,Alabama,False,3,75
kevin-harris-rb-2022,Kevin Harris,RB,2022,,21,38.5,126,,,70,221,South Carolina,False,6,183
kolby-harvell-peel-s-2022,Kolby Harvell-Peel,S,2022,,21,,,,,72,213,Oklahoma St.,False,,
hassan-haskins-rb-2022,Hassan Haskins,RB,2022,,27,,,,,74,228,Michigan,False,4,131
marquis-hayes-ol-2022,Marquis Hayes,OL,2022,5.30,,23.5,102,,,77,318,Oklahoma,False,7,257
peyton-hendershot-te-2022,Peyton Hendershot,TE,2022,4.80,,32.5,117,,4.25,76,250,Indiana,False,,
connor-heyward-te-2022,Connor Heyward,TE,2022,4.72,,32.5,,,,71,233,Michigan St.,False,6,208
daxton-hill-s-2022,Daxton Hill,S,2022,4.38,,33.5,121,6.57,4.06,72,191,Michigan,False,1,31
chasen-hines-ol-2022,Chasen Hines,OL,2022,5.22,,30.5,108,,,75,327,LSU,False,6,210
christopher-hinton-de-2022,Christopher Hinton,DE,2022,5.28,,31.5,106,,,76,305,Michigan,False,,
curtis-hodges-te-2022,Curtis Hodges,TE,2022,4.85,,34.5,117,7.14,4.28,80,257,Arizona St.,False,,
sam-howell-qb-2022,Sam Howell,QB,2022,,,,,,,73,218,North Carolina,False,5,144
aidan-hutchinson-de-2022,Aidan Hutchinson,DE,2022,4.74,,36.0,117,6.73,4.15,79,260,Michigan,False,1,2
jermaine-johnson-ii-de-2022,Jermaine Johnson II,DE,2022,4.58,,32.0,125,,,77,254,Florida St.,False,1,26
johnny-johnson-iii-wr-2022,Johnny Johnson III,WR,2022,4.60,,32.0,121,7.21,4.54,72,197,Oregon,False,,
verone-mckinley-iii-s-2022,Verone McKinley III,S,2022,,16,35.0,120,,,70,198,Oregon,False,,
ed-ingram-ol-2022,Ed Ingram,OL,2022,5.02,,20.5,102,7.81,4.76,75,307,LSU,False,2,59
keaontay-ingram-rb-2022,Keaontay Ingram,RB,2022,4.53,,34.5,122,,,72,221,USC,False,6,201
dmarco-jackson-lb-2022,D'Marco Jackson,LB,2022,4.55,,33.0,125,,,73,233,Appalachian St.,False,5,161
drake-jackson-de-2022,Drake Jackson,DE,2022,,,36.5,127,,,75,254,USC,False,2,61
jordan-jackson-de-2022,Jordan Jackson,DE,2022,,,,,,,77,294,Air Force,False,6,194
joshua-jobe-cb-2022,Joshua Jobe,CB,2022,,,,,,,72,182,Alabama,False,,
josh-johnson-wr-2022,Josh Johnson,WR,2022,,14,,,,,71,183,Tulsa,False,,
tyree-johnson-de-2022,Tyree Johnson,DE,2022,,21,,,,,75,248,Texas A&M,False,,
zion-johnson-ol-2022,Zion Johnson,OL,2022,5.18,32,32.0,112,7.38,4.46,75,312,Boston Col.,False,1,17
braxton-jones-ol-2022,Braxton Jones,OL,2022,4.97,,25.5,108,,4.84,77,310,Southern Utah St.,False,5,168
jack-jones-cb-2022,Jack Jones,CB,2022,4.51,,,,,,71,171,Arizona St.,False,4,121
marcus-jones-cb-2022,Marcus Jones,CB,2022,,,,,,,68,174,Houston,False,3,85
travis-jones-de-2022,Travis Jones,DE,2022,4.92,,28.5,110,7.33,4.58,76,325,Connecticut,False,3,76
velus-jones-wr-2022,Velus Jones,WR,2022,4.31,,33.0,121,,,72,204,Tennessee,False,3,71
kerby-joseph-s-2022,Kerby Joseph,S,2022,,18,38.5,123,,,73,203,Illinois,False,3,97
kevin-austin-jr-wr-2022,Kevin Austin Jr.,WR,2022,4.43,,39.0,132,6.71,4.15,74,200,Notre Dame,False,,
reggie-roberson-jr-wr-2022,Reggie Roberson Jr.,WR,2022,,,29.0,114,,,71,192,SMU,False,,
cameron-jurgens-ol-2022,Cameron Jurgens,OL,2022,4.92,25,,,,,75,303,Nebraska,False,2,51
george-karlaftis-de-2022,George Karlaftis,DE,2022,,21,38.0,121,,4.36,76,266,Purdue,False,1,30
cole-kelley-qb-2022,Cole Kelley,QB,2022,,,,,,,79,249,Southeastern Louisiana,False,,
derion-kendrick-cb-2022,Derion Kendrick,CB,2022,,,,,,,72,194,Georgia,False,6,212
deriq-king-qb-2022,D'Eriq King,QB,2022,,,,,,,69,196,Miami,False,,
darian-kinnard-ol-2022,Darian Kinnard,OL,2022,5.31,,25.0,99,8.11,4.96,77,322,Kentucky,False,5,145
zonovan-knight-rb-2022,Zonovan Knight,RB,2022,4.58,,31.0,114,,,71,209,North Carolina St.,False,,
charlie-kolar-te-2022,Charlie Kolar,TE,2022,,,,,,,79,252,Iowa St.,False,4,128
quentin-lake-s-2022,Quentin Lake,S,2022,4.59,,,,,,73,201,UCLA,False,6,211
nate-landman-lb-2022,Nate Landman,LB,2022,4.86,,36.5,119,,,75,238,Colorado,False,,
demarvin-leal-de-2022,DeMarvin Leal,DE,2022,5.00,,27.5,106,,4.49,76,283,Texas A&M,False,3,84
isaiah-likely-te-2022,Isaiah Likely,TE,2022,,,36.0,,,4.57,77,245,Coastal Carolina,False,4,139
tyler-linderbaum-ol-2022,Tyler Linderbaum,OL,2022,,,,,,,74,296,Iowa,False,1,25
alec-lindstrom-ol-2022,Alec Lindstrom,OL,2022,5.18,25,29.0,111,7.50,4.66,75,296,Boston Col.,False,,
devin-lloyd-lb-2022,Devin Lloyd,LB,2022,4.66,25,35.0,126,,,75,237,Utah,False,1,27
drake-london-wr-2022,Drake London,WR,2022,,,,,,,76,219,USC,False,1,8
vederian-lowe-ol-2022,Vederian Lowe,OL,2022,5.22,,25.5,99,7.83,4.71,77,314,Illinois,False,6,184
abraham-lucas-ol-2022,Abraham Lucas,OL,2022,4.92,24,27.0,107,7.25,4.40,78,315,Washington St.,False,3,72
chase-lucas-cb-2022,Chase Lucas,CB,2022,4.48,,39.0,128,,,71,180,Arizona St.,False,7,237
jesse-luketa-lb-2022,Jesse Luketa,LB,2022,4.89,,37.5,114,,,75,253,Penn St.,False,7,256
boye-mafe-de-2022,Boye Mafe,DE,2022,4.53,,38.0,125,,,76,261,Minnesota,False,2,40
deangelo-malone-de-2022,DeAngelo Malone,DE,2022,,23,,,,,75,243,Western Kentucky,False,3,82
damarri-mathis-cb-2022,Damarri Mathis,CB,2022,4.39,,,,,,71,196,Pittsburgh,False,4,115
phidarian-mathis-de-2022,Phidarian Mathis,DE,2022,,,23.5,109,,4.91,76,310,Alabama,False,2,47
cade-mays-ol-2022,Cade Mays,OL,2022,5.24,,26.0,102,7.57,4.71,77,311,Tennessee,False,6,199
trey-mcbride-te-2022,Trey McBride,TE,2022,,18,33.0,117,,,76,246,Colorado St.,False,2,55
marquan-mccall-de-2022,Marquan McCall,DE,2022,,,,,,,75,342,Kentucky,False,,
zakoby-mcclain-lb-2022,Zakoby McClain,LB,2022,4.69,,33.0,117,,,71,228,Auburn,False,,
zyon-mccollum-cb-2022,Zyon McCollum,CB,2022,4.33,,39.5,132,6.48,3.94,74,199,Sam Houston St.,False,5,157
sincere-mccormick-rb-2022,Sincere McCormick,RB,2022,4.60,,33.5,116,,,69,205,Texas-San Antonio,False,,
roger-mccreary-cb-2022,Roger McCreary,CB,2022,4.50,,,,,,71,190,Auburn,False,2,35
trent-mcduffie-cb-2022,Trent McDuffie,CB,2022,4.44,,,,,,71,193,Washington,False,1,21
micah-mcfadden-lb-2022,Micah McFadden,LB,2022,,21,,,,,73,240,Indiana,False,5,146
marcus-mckethan-ol-2022,Marcus McKethan,OL,2022,5.31,27,27.5,110,7.81,4.99,79,340,North Carolina,False,5,173
bo-melton-wr-2022,Bo Melton,WR,2022,4.34,,38.0,121,6.98,,71,189,Rutgers,False,7,229
john-metchie-wr-2022,John Metchie,WR,2022,,,,,,,71,187,Alabama,False,2,44
james-mitchell-te-2022,James Mitchell,TE,2022,,,,,,,76,249,Virginia Tech,False,5,177
max-mitchell-ol-2022,Max Mitchell,OL,2022,5.32,,25.0,106,8.09,4.65,78,307,Louisiana,False,4,111
smoke-monday-s-2022,Smoke Monday,S,2022,4.52,,,124,7.00,,74,207,Auburn,False,,
jeremiah-moon-lb-2022,Jeremiah Moon,LB,2022,4.76,,40.5,133,7.09,4.55,77,249,Florida,False,,
skyy-moore-wr-2022,Skyy Moore,WR,2022,4.41,,34.5,125,7.13,4.32,70,195,Western Michigan,False,2,54
chad-muma-lb-2022,Chad Muma,LB,2022,4.63,27,40.0,129,7.06,4.28,75,239,Wyoming,False,3,70
thayer-munford-ol-2022,Thayer Munford,OL,2022,5.39,,22.0,104,,,78,328,Ohio St.,False,7,238
jalen-nailor-wr-2022,Jalen Nailor,WR,2022,4.50,,38.0,128,7.03,4.28,71,186,Michigan St.,False,6,191
evan-neal-ol-2022,Evan Neal,OL,2022,,,,,,,80,337,Alabama,False,1,7
leon-oneal-s-2022,Leon O'Neal,S,2022,,15,35.0,125,6.89,,73,204,Texas A&M,False,,
otito-ogbonnia-de-2022,Otito Ogbonnia,DE,2022,,29,,,,,76,324,UCLA,False,5,160
david-ojabo-de-2022,David Ojabo,DE,2022,4.55,,35.0,122,,4.45,76,250,Michigan,False,2,45
chigoziem-okonkwo-te-2022,Chigoziem Okonkwo,TE,2022,4.52,,35.5,,,,75,238,Maryland,False,4,143
chris-olave-wr-2022,Chris Olave,WR,2022,4.39,,32.0,124,,,72,187,Ohio St.,False,1,11
esezi-otomewo-de-2022,Esezi Otomewo,DE,2022,,,,,,,77,282,Minnesota,False,5,165
cade-otton-te-2022,Cade Otton,TE,2022,,,,,,,77,247,Washington,False,4,106
isiah-pacheco-rb-2022,Isiah Pacheco,RB,2022,4.37,,33.0,118,,,70,216,Rutgers,False,7,251
dylan-parham-ol-2022,Dylan Parham,OL,2022,4.93,,26.5,108,7.78,4.70,75,311,Memphis,False,3,90
joshua-paschal-de-2022,Joshua Paschal,DE,2022,4.77,,37.5,123,,,75,268,Kentucky,False,2,46
chris-paul-ol-2022,Chris Paul,OL,2022,4.89,,27.0,109,7.74,4.83,76,323,Tulsa,False,7,230
jayden-peevy-de-2022,Jayden Peevy,DE,2022,5.30,,27.0,100,,,77,308,Texas A&M,False,,
trevor-penning-ol-2022,Trevor Penning,OL,2022,4.89,,28.0,111,7.25,4.62,79,325,Northern Iowa,False,1,19
ej-perry-qb-2022,EJ Perry,QB,2022,4.65,,34.5,123,6.85,4.18,74,211,Brown,False,,
nicholas-petit-frere-ol-2022,Nicholas Petit-Frere,OL,2022,5.14,,24.5,103,,,77,316,Ohio St.,False,3,69
kyle-philips-wr-2022,Kyle Philips,WR,2022,4.58,,33.5,124,,,71,189,UCLA,False,5,163
george-pickens-wr-2022,George Pickens,WR,2022,4.47,,33.0,125,,,75,195,Georgia,False,2,52
kenny-pickett-qb-2022,Kenny Pickett,QB,2022,4.73,,33.5,121,,4.29,75,217,Pittsburgh,False,1,20
alec-pierce-wr-2022,Alec Pierce,WR,2022,4.41,,40.5,129,7.13,4.28,75,211,Cincinnati,False,2,53
dameon-pierce-rb-2022,Dameon Pierce,RB,2022,4.59,21,34.5,119,,,70,218,Florida,False,4,107
jalen-pitre-s-2022,Jalen Pitre,S,2022,,16,35.0,,6.74,4.18,71,198,Baylor,False,2,37
makai-polk-wr-2022,Makai Polk,WR,2022,4.59,,31.0,119,,4.36,75,195,Mississippi St.,False,,
dvonte-price-rb-2022,D'vonte Price,RB,2022,4.38,,34.0,119,,,73,210,Florida International,False,,
brock-purdy-qb-2022,Brock Purdy,QB,2022,4.84,,27.0,,7.21,4.45,73,212,Iowa St.,False,7,262
teagan-quitoriano-te-2022,Teagan Quitoriano,TE,2022,,22,,,,,78,258,Oregon St.,False,5,170
bernhard-raimann-ol-2022,Bernhard Raimann,OL,2022,5.05,30,30.5,117,7.46,4.49,78,303,Central Michigan,False,3,77
charleston-rambo-wr-2022,Charleston Rambo,WR,2022,4.57,,33.5,118,,,73,177,Miami,False,,
labryan-ray-de-2022,LaBryan Ray,DE,2022,,,,,,,76,283,Alabama,False,,
sean-rhyan-ol-2022,Sean Rhyan,OL,2022,5.25,,33.5,110,7.55,4.81,77,321,UCLA,False,3,92
desmond-ridder-qb-2022,Desmond Ridder,QB,2022,4.52,,36.0,127,7.15,4.29,75,211,Cincinnati,False,3,74
john-ridgeway-de-2022,John Ridgeway,DE,2022,5.30,,,101,,4.73,77,321,Arkansas,False,5,178
ronnie-rivers-rb-2022,Ronnie Rivers,RB,2022,4.60,,36.5,119,,,68,195,Fresno St.,False,,
brian-robinson-rb-2022,Brian Robinson,RB,2022,4.53,,30.0,119,,,74,225,Alabama,False,3,98
dominique-robinson-de-2022,Dominique Robinson,DE,2022,4.72,25,41.0,121,,,77,253,Miami (Ohio),False,5,174
tyrese-robinson-ol-2022,Tyrese Robinson,OL,2022,5.25,,22.5,100,8.35,4.94,75,317,Oklahoma,False,,
wandale-robinson-wr-2022,Wan'Dale Robinson,WR,2022,4.44,,34.5,118,,,68,178,Kentucky,False,2,43
malcolm-rodriguez-lb-2022,Malcolm Rodriguez,LB,2022,4.52,,39.5,120,,,71,232,Oklahoma St.,False,6,188
mike-rose-lb-2022,Mike Rose,LB,2022,,,34.0,121,,,76,245,Iowa St.,False,,
dare-rosenthal-ol-2022,Dare Rosenthal,OL,2022,4.88,,,,,,79,290,Kentucky,False,,
josh-ross-lb-2022,Josh Ross,LB,2022,4.79,,31.0,109,,,72,227,Michigan,False,,
justyn-ross-wr-2022,Justyn Ross,WR,2022,,11,,,,,76,205,Clemson,False,,
jeremy-ruckert-te-2022,Jeremy Ruckert,TE,2022,,19,,,,,77,250,Ohio St.,False,3,101
andrew-rupcich-ol-2022,Andrew Rupcich,OL,2022,5.31,,27.5,108,,,78,318,Culver-Stockton College,False,,
jamaree-salyer-ol-2022,Jamaree Salyer,OL,2022,,31,,,,,75,321,Georgia,False,6,195
jack-sanborn-lb-2022,Jack Sanborn,LB,2022,4.73,20,34.5,114,,,74,234,Wisconsin,False,,
braylon-sanders-wr-2022,Braylon Sanders,WR,2022,4.48,,34.5,121,,,72,194,Mississippi,False,,
myjai-sanders-de-2022,Myjai Sanders,DE,2022,4.67,,33.0,120,,4.37,77,228,Cincinnati,False,3,100
nephi-sewell-lb-2022,Nephi Sewell,LB,2022,4.67,,32.0,120,7.01,4.33,72,226,Utah,False,,
justin-shaffer-ol-2022,Justin Shaffer,OL,2022,5.14,,25.5,107,,,76,314,Georgia,False,6,190
khalil-shakir-wr-2022,Khalil Shakir,WR,2022,4.43,,34.5,124,7.28,4.21,72,196,Boise St.,False,5,148
abram-smith-rb-2022,Abram Smith,RB,2022,,,,,,,72,213,Baylor,False,,
brandon-smith-lb-2022,Brandon Smith,LB,2022,4.52,,37.5,128,,,76,250,Penn St.,False,4,120
lecitus-smith-ol-2022,Lecitus Smith,OL,2022,5.18,23,,99,7.88,4.78,75,314,Virginia Tech,False,6,215
tyler-smith-ol-2022,Tyler Smith,OL,2022,5.02,,27.5,105,7.78,4.65,77,324,Tulsa,False,1,24
tyreke-smith-de-2022,Tyreke Smith,DE,2022,4.86,,34.0,117,,,75,254,Ohio St.,False,5,158
baylon-spector-lb-2022,Baylon Spector,LB,2022,4.60,,36.0,122,,,72,233,Clemson,False,7,231
isaiah-spiller-rb-2022,Isaiah Spiller,RB,2022,,,30.0,114,,,72,217,Texas A&M,False,4,123
chris-steele-cb-2022,Chris Steele,CB,2022,4.48,,37.5,126,,,72,187,USC,False,,
derek-stingley-cb-2022,Derek Stingley,CB,2022,,,,,,,72,190,LSU,False,1,3
cole-strange-ol-2022,Cole Strange,OL,2022,5.03,31,28.0,120,7.44,4.50,77,307,Tennessee-Chattanooga,False,1,29
carson-strong-qb-2022,Carson Strong,QB,2022,,,,,,,75,226,Nevada,False,,
pierre-strong-rb-2022,Pierre Strong,RB,2022,4.37,,36.0,124,,,71,207,South Dakota St.,False,4,127
andrew-stueber-ol-2022,Andrew Stueber,OL,2022,,,24.5,101,7.94,4.90,79,325,Michigan,False,7,245
myron-tagovailoa-amosa-de-2022,Myron Tagovailoa-Amosa,DE,2022,4.81,,29.0,115,,,74,270,Notre Dame,False,,
alontae-taylor-cb-2022,Alontae Taylor,CB,2022,4.36,,34.5,128,,,72,199,Tennessee,False,2,49
cam-taylor-britt-cb-2022,Cam Taylor-Britt,CB,2022,4.38,,,,,,71,196,Nebraska,False,2,60
isaac-taylor-stuart-cb-2022,Isaac Taylor-Stuart,CB,2022,4.42,,,123,,,74,201,USC,False,,
luke-tenuta-ol-2022,Luke Tenuta,OL,2022,5.41,,26.0,104,,4.77,80,319,Virginia Tech,False,6,209
kayvon-thibodeaux-de-2022,Kayvon Thibodeaux,DE,2022,4.58,27,,,,,76,254,Oregon,False,1,5
zach-thomas-ol-2022,Zach Thomas,OL,2022,4.96,21,22.5,107,7.40,4.65,77,308,San Diego St.,False,,
cameron-thomas-de-2022,Cameron Thomas,DE,2022,,24,,,,,76,267,San Diego St.,False,3,87
isaiah-thomas-de-2022,Isaiah Thomas,DE,2022,4.70,,31.5,117,,,77,266,Oklahoma,False,7,223
juanyeh-thomas-s-2022,Juanyeh Thomas,S,2022,4.55,17,34.0,122,,,73,212,Georgia Tech,False,,
josh-thompson-cb-2022,Josh Thompson,CB,2022,4.40,,,,,,72,194,Texas,False,,
skylar-thompson-qb-2022,Skylar Thompson,QB,2022,4.91,,31.0,112,7.00,4.28,74,217,Kansas St.,False,7,247
tyquan-thornton-wr-2022,Tyquan Thornton,WR,2022,4.28,,36.5,130,,,74,181,Baylor,False,2,50
channing-tindall-lb-2022,Channing Tindall,LB,2022,4.47,,42.0,129,,,74,230,Georgia,False,3,102
jalen-tolbert-wr-2022,Jalen Tolbert,WR,2022,4.49,,36.0,123,7.08,,73,194,South Alabama,False,3,88
zach-tom-ol-2022,Zach Tom,OL,2022,4.94,,33.0,118,7.32,4.47,76,304,Wake Forest,False,4,140
cole-turner-te-2022,Cole Turner,TE,2022,4.76,17,27.0,120,7.06,4.41,78,246,Nevada,False,5,149
tr-turner-wr-2022,Tré Turner,WR,2022,4.51,,27.0,113,7.45,4.53,73,184,Virginia Tech,False,,
delarrin-turner-yell-s-2022,Delarrin Turner-Yell,S,2022,4.47,,,122,,,70,197,Oklahoma,False,5,152
eyioma-uwazurike-de-2022,Eyioma Uwazurike,DE,2022,,,33.0,107,,,78,316,Iowa St.,False,4,116
cj-verdell-rb-2022,CJ Verdell,RB,2022,,,29.5,118,,,68,194,Oregon,False,,
cordell-volson-ol-2022,Cordell Volson,OL,2022,5.27,25,25.0,104,8.31,4.93,78,315,North Dakota St.,False,4,136
matt-waletzko-ol-2022,Matt Waletzko,OL,2022,5.03,,30.0,113,,,80,312,North Dakota,False,5,155
kenneth-walker-rb-2022,Kenneth Walker,RB,2022,4.38,,34.0,122,,,69,211,Michigan St.,False,2,41
quay-walker-lb-2022,Quay Walker,LB,2022,4.52,,32.0,122,,,76,241,Georgia,False,1,22
rasheed-walker-ol-2022,Rasheed Walker,OL,2022,,,,,,,78,313,Penn St.,False,7,249
travon-walker-de-2022,Travon Walker,DE,2022,4.51,,35.5,123,6.89,4.32,77,272,Georgia,False,1,1
jermaine-waller-cb-2022,Jermaine Waller,CB,2022,4.68,,,,,,72,180,Virginia Tech,False,,
jaylen-warren-rb-2022,Jaylen Warren,RB,2022,4.55,,31.5,119,,,68,204,Oklahoma St.,False,,
christian-watson-wr-2022,Christian Watson,WR,2022,4.36,,38.5,136,,,76,208,North Dakota St.,False,2,34
jaylen-watson-cb-2022,Jaylen Watson,CB,2022,4.51,18,,,,,74,197,Washington St.,False,7,243
luke-wattenberg-ol-2022,Luke Wattenberg,OL,2022,5.20,,29.5,113,7.45,4.57,76,299,Washington,False,5,171
sam-webb-cb-2022,Sam Webb,CB,2022,4.48,14,,,,,73,202,Missouri Western,False,,
dohnovan-west-ol-2022,Dohnovan West,OL,2022,5.27,,28.0,112,,,75,296,Arizona St.,False,,
isaiah-weston-wr-2022,Isaiah Weston,WR,2022,4.42,20,40.0,135,,,76,214,Northern Iowa,False,,
rachaad-white-rb-2022,Rachaad White,RB,2022,4.48,,38.0,125,,,72,214,Arizona St.,False,3,91
zaquandre-white-rb-2022,ZaQuandre White,RB,2022,,,,,,,72,206,South Carolina,False,,
zamir-white-rb-2022,Zamir White,RB,2022,4.40,,33.5,128,,,72,214,Georgia,False,4,122
tre-williams-de-2022,Tre Williams,DE,2022,5.08,,26.5,104,7.20,4.24,76,253,Arkansas,False,,
damarion-williams-cb-2022,Damarion Williams,CB,2022,,17,34.5,118,,,70,182,Houston,False,4,141
devon-williams-wr-2022,Devon Williams,WR,2022,4.65,,33.0,133,,,77,210,Oregon,False,,
jameson-williams-wr-2022,Jameson Williams,WR,2022,,,,,,,74,179,Alabama,False,1,12
joshua-williams-cb-2022,Joshua Williams,CB,2022,4.53,,36.0,124,,,75,195,Fayetteville St. University,False,4,135
kyren-williams-rb-2022,Kyren Williams,RB,2022,4.65,,32.0,116,,,69,194,Notre Dame,False,5,164
sam-williams-de-2022,Sam Williams,DE,2022,4.46,,32.5,123,,,76,261,Mississippi,False,2,56
malik-willis-qb-2022,Malik Willis,QB,2022,,,,,,,73,219,Liberty,False,3,86
garrett-wilson-wr-2022,Garrett Wilson,WR,2022,4.38,,36.0,123,,4.36,72,183,Ohio St.,False,1,10
perrion-winfrey-de-2022,Perrion Winfrey,DE,2022,4.89,,,,,,76,290,Oklahoma,False,4,108
jelani-woods-te-2022,Jelani Woods,TE,2022,4.61,24,,,,,79,259,Virginia,False,3,73
jt-woods-s-2022,JT Woods,S,2022,4.36,,39.5,128,,,74,195,Baylor,False,3,79
mike-woods-wr-2022,Mike Woods,WR,2022,4.55,,34.5,125,,,73,204,Oklahoma,False,6,202
tariq-woolen-cb-2022,Tariq Woolen,CB,2022,4.26,,42.0,,,,76,205,Texas-San Antonio,False,5,153
alex-wright-de-2022,Alex Wright,DE,2022,,15,,,,,77,271,Alabama-Birmingham,False,3,78
mykael-wright-cb-2022,Mykael Wright,CB,2022,4.57,,,,,,71,173,Oregon,False,,
devonte-wyatt-de-2022,Devonte Wyatt,DE,2022,4.77,,29.0,111,,,75,304,Georgia,False,1,28
jalen-wydermyer-te-2022,Jalen Wydermyer,TE,2022,,,,,,,76,255,Texas A&M,False,,
nick-zakelj-ol-2022,Nick Zakelj,OL,2022,5.13,27,28.5,110,7.75,4.71,78,316,Fordham,False,6,187
bailey-zappe-qb-2022,Bailey Zappe,QB,2022,4.88,,30.0,109,7.19,4.40,73,215,Western Kentucky,False,4,137
israel-abanikanda-rb-2023,Israel Abanikanda,RB,2023,,,,,,,70,216,Pittsburgh,False,5,143
yasir-abdullah-lb-2023,Yasir Abdullah,LB,2023,4.47,,36.5,129,,,73,237,Louisville,False,5,136
devon-achane-rb-2023,Devon Achane,RB,2023,4.32,,33.0,,,,69,188,Texas A&M,False,3,84
jordan-addison-wr-2023,Jordan Addison,WR,2023,4.49,,34.0,122,,,71,173,USC,False,1,23
adetomiwa-adebawore-de-2023,Adetomiwa Adebawore,DE,2023,4.49,27,37.5,125,,,74,282,Northwestern,False,4,110
alan-ali-ol-2023,Alan Ali,OL,2023,,,26.5,,,,76,301,TCU,False,,
davis-allen-te-2023,Davis Allen,TE,2023,4.84,,38.5,125,,,78,245,Clemson,False,5,175
mj-anderson-de-2023,MJ Anderson,DE,2023,,,33.0,,,,75,269,Iowa St.,False,,
jake-andrews-ol-2023,Jake Andrews,OL,2023,5.15,,26.0,102,,4.73,75,305,Troy,False,4,107
felix-anudike-uzomah-de-2023,Felix Anudike-Uzomah,DE,2023,,,,,,,75,255,Kansas St.,False,1,31
malaesala-aumavae-laulu-ol-2023,Malaesala Aumavae-Laulu,OL,2023,5.23,,28.5,106,7.65,4.75,78,317,Oregon,False,6,199
alex-austin-cb-2023,Alex Austin,CB,2023,4.55,,33.0,122,,4.33,73,195,Oregon St.,False,7,252
steve-avila-ol-2023,Steve Avila,OL,2023,5.21,,29.5,98,7.85,4.74,76,332,TCU,False,,
tyson-bagent-qb-2023,Tyson Bagent,QB,2023,4.79,,36.0,120,6.95,4.36,75,213,Shepherd,False,,
henry-bainivalu-ol-2023,Henry Bainivalu,OL,2023,5.50,,28.0,101,8.34,4.97,78,306,Washington,False,,
habakkuk-baldonado-de-2023,Habakkuk Baldonado,DE,2023,4.78,21,35.0,120,7.11,4.44,76,251,Pittsburgh,False,,
deonte-banks-cb-2023,Deonte Banks,CB,2023,4.35,,42.0,136,,,72,197,Maryland,False,1,24
jeremy-banks-lb-2023,Jeremy Banks,LB,2023,4.53,25,37.5,127,7.27,4.38,73,232,Tennessee,False,,
micah-baskerville-lb-2023,Micah Baskerville,LB,2023,,,31.0,115,,,73,221,LSU,False,,
tj-bass-ol-2023,TJ Bass,OL,2023,5.48,,28.5,109,,,76,317,Oregon,False,,
jordan-battle-cb-2023,Jordan Battle,CB,2023,4.55,17,,,,,73,209,Alabama,False,3,95
robert-beal-de-2023,Robert Beal,DE,2023,4.48,,30.0,123,,,76,247,Georgia,False,5,173
ronnie-bell-wr-2023,Ronnie Bell,WR,2023,4.54,14,38.5,120,6.98,4.15,72,191,Michigan,False,7,253
jakorian-bennett-cb-2023,Jakorian Bennett,CB,2023,4.30,13,40.5,133,,,71,188,Maryland,False,4,104
stetson-bennett-qb-2023,Stetson Bennett,QB,2023,4.67,,33.5,118,,4.20,71,192,Georgia,False,4,128
keeanu-benton-de-2023,Keeanu Benton,DE,2023,5.08,25,29.5,111,7.34,4.65,76,309,Wisconsin,False,2,49
matthew-bergeron-ol-2023,Matthew Bergeron,OL,2023,,,30.5,103,,,77,318,Syracuse,False,2,38
tank-bigsby-rb-2023,Tank Bigsby,RB,2023,4.56,,32.5,119,,,72,210,Auburn,False,3,88
mekhi-blackmon-cb-2023,Mekhi Blackmon,CB,2023,4.47,11,36.0,125,,,71,178,USC,False,3,102
jake-bobo-wr-2023,Jake Bobo,WR,2023,,,,,,,76,206,UCLA,False,,
kayshon-boutte-wr-2023,Kayshon Boutte,WR,2023,4.50,,29.0,118,,4.25,71,195,LSU,False,6,187
lance-boykin-cb-2023,Lance Boykin,CB,2023,,13,,124,,,74,200,Coastal Carolina,False,,
anthony-bradford-ol-2023,Anthony Bradford,OL,2023,5.08,,30.0,106,7.84,4.80,76,332,LSU,False,4,108
brian-branch-cb-2023,Brian Branch,CB,2023,4.58,14,34.5,125,,,72,190,Alabama,False,2,45
julius-brents-cb-2023,Julius Brents,CB,2023,4.53,,41.5,138,6.63,4.05,75,198,Kansas St.,False,2,44
bryan-bresee-de-2023,Bryan Bresee,DE,2023,4.86,22,29.0,,,,78,298,Clemson,False,1,29
nick-broeker-ol-2023,Nick Broeker,OL,2023,5.27,,,,7.75,4.70,76,305,Mississippi,False,7,230
jalen-brooks-wr-2023,Jalen Brooks,WR,2023,4.69,,35.0,130,7.15,4.31,73,201,South Carolina,False,7,244
myles-brooks-cb-2023,Myles Brooks,CB,2023,,,,,,,73,201,Louisiana Tech,False,,
cameron-brown-cb-2023,Cameron Brown,CB,2023,,,,,,,72,199,Ohio St.,False,,
chase-brown-rb-2023,Chase Brown,RB,2023,4.43,,40.0,127,,,70,209,Illinois,False,5,163
jiayir-brown-cb-2023,Ji'Ayir Brown,CB,2023,4.65,18,32.5,119,,,71,203,Penn St.,False,3,87
sydney-brown-cb-2023,Sydney Brown,CB,2023,4.47,23,40.5,130,,,70,211,Illinois,False,3,66
jason-brownlee-wr-2023,Jason Brownlee,WR,2023,4.59,16,39.5,131,,,74,198,Southern Mississippi,False,,
arquon-bush-cb-2023,Arquon Bush,CB,2023,4.54,,33.5,115,,,72,187,Cincinnati,False,,
jack-campbell-lb-2023,Jack Campbell,LB,2023,4.65,,37.5,128,6.74,4.24,77,249,Iowa,False,1,18
jalen-carter-de-2023,Jalen Carter,DE,2023,,,,,,,75,314,Georgia,False,1,9
zach-charbonnet-rb-2023,Zach Charbonnet,RB,2023,4.53,,37.0,122,,,72,214,UCLA,False,2,52
keitrel-clark-cb-2023,Kei'Trel Clark,CB,2023,4.42,,34.5,122,,4.21,70,181,Louisville,False,,
jerrod-clark-de-2023,Jerrod Clark,DE,2023,5.25,,27.5,102,7.60,4.83,76,334,Coastal Carolina,False,,
keondre-coburn-de-2023,Keondre Coburn,DE,2023,5.22,24,27.5,101,,,74,332,Texas,False,6,194
chamarri-conner-cb-2023,Chamarri Conner,CB,2023,4.51,20,40.5,125,,,72,202,Virginia Tech,False,4,119
jacob-copeland-wr-2023,Jacob Copeland,WR,2023,4.42,20,33.0,127,7.01,4.47,71,201,Maryland,False,,
brenton-cox-de-2023,Brenton Cox,DE,2023,4.82,24,33.0,115,,,76,250,Florida,False,,
malik-cunningham-qb-2023,Malik Cunningham,QB,2023,4.53,,,,,,72,192,Louisville,False,,
mcclendon-curtis-ol-2023,McClendon Curtis,OL,2023,5.24,,26.5,105,7.70,4.97,78,324,Tennessee-Chattanooga,False,,
dj-dale-de-2023,DJ Dale,DE,2023,5.26,,25.5,98,7.69,4.80,73,302,Alabama,False,,
braeden-daniels-ol-2023,Braeden Daniels,OL,2023,4.99,,30.5,109,7.53,4.60,76,294,Utah,False,,
derius-davis-wr-2023,Derius Davis,WR,2023,4.36,,,,,4.38,68,165,TCU,False,4,125
nathaniel-dell-wr-2023,Nathaniel Dell,WR,2023,4.49,,,121,,,68,165,Houston,False,3,69
sirvocea-dennis-lb-2023,SirVocea Dennis,LB,2023,,19,,,,,73,226,Pittsburgh,False,5,153
gervon-dexter-de-2023,Gervon Dexter,DE,2023,4.88,22,31.0,110,7.50,,78,310,Florida,False,2,53
yaya-diaby-de-2023,YaYa Diaby,DE,2023,4.51,,37.0,120,,,75,263,Louisville,False,3,82
demario-douglas-wr-2023,Demario Douglas,WR,2023,4.44,,39.5,134,,4.29,68,179,Liberty,False,,
josh-downs-wr-2023,Josh Downs,WR,2023,4.48,,38.5,131,,,69,171,North Carolina,False,3,79
grant-dubose-wr-2023,Grant DuBose,WR,2023,4.57,,35.0,125,6.89,4.32,74,201,Charlotte,False,,
max-duggan-qb-2023,Max Duggan,QB,2023,4.52,,30.5,116,7.26,4.45,74,207,TCU,False,7,239
jaelyn-duncan-ol-2023,Jaelyn Duncan,OL,2023,5.10,,31.5,113,,,78,306,Maryland,False,,
payne-durham-te-2023,Payne Durham,TE,2023,4.87,,34.5,117,,,78,253,Purdue,False,5,171
travis-dye-rb-2023,Travis Dye,RB,2023,,,,,,,70,201,USC,False,,
ikenna-enechukwu-de-2023,Ikenna Enechukwu,DE,2023,4.70,,31.5,120,,,76,264,Rice,False,,
tiyon-evans-rb-2023,Tiyon Evans,RB,2023,4.52,,30.5,,,,70,225,Louisville,False,,
zach-evans-rb-2023,Zach Evans,RB,2023,,,,,,,71,202,Mississippi,False,6,215
zay-flowers-wr-2023,Zay Flowers,WR,2023,4.42,,35.5,127,,,69,182,Boston Col.,False,1,22
emmanuel-forbes-cb-2023,Emmanuel Forbes,CB,2023,4.35,,37.5,131,,,73,166,Mississippi St.,False,1,16
bryce-ford-wheaton-wr-2023,Bryce Ford-Wheaton,WR,2023,4.38,,41.0,129,6.97,4.15,76,221,West Virginia,False,,
alex-forsyth-ol-2023,Alex Forsyth,OL,2023,,,20.5,95,,,76,303,Oregon,False,7,257
isaiah-foskey-de-2023,Isaiah Foskey,DE,2023,4.58,22,34.0,125,7.28,4.41,77,264,Notre Dame,False,2,40
blake-freeland-ol-2023,Blake Freeland,OL,2023,4.98,,37.0,120,7.46,4.71,80,302,BYU,False,4,106
jon-gaines-ol-2023,Jon Gaines,OL,2023,5.01,,32.5,114,7.31,4.45,76,303,UCLA,False,,
connor-galvin-ol-2023,Connor Galvin,OL,2023,5.48,,30.5,104,8.00,4.92,79,293,Baylor,False,,
mekhi-garner-cb-2023,Mekhi Garner,CB,2023,4.55,,38.0,128,,,74,212,LSU,False,,
ali-gaye-de-2023,Ali Gaye,DE,2023,,,,,,,78,263,LSU,False,,
jahmyr-gibbs-rb-2023,Jahmyr Gibbs,RB,2023,4.36,,33.5,,,,69,199,Alabama,False,1,12
noah-gindorff-te-2023,Noah Gindorff,TE,2023,,16,,,,,78,263,North Dakota St.,False,,
christian-gonzalez-cb-2023,Christian Gonzalez,CB,2023,4.38,14,41.5,133,,,73,197,Oregon,False,1,17
richard-gouraige-ol-2023,Richard Gouraige,OL,2023,,,,,,,77,306,Florida,False,,
jalen-graham-lb-2023,Jalen Graham,LB,2023,4.64,,30.5,112,,,74,220,Purdue,False,7,255
eric-gray-rb-2023,Eric Gray,RB,2023,,,37.5,118,,,70,207,Oklahoma,False,5,172
antoine-green-wr-2023,Antoine Green,WR,2023,4.47,,33.5,123,6.99,4.27,74,199,North Carolina,False,7,219
jovaughn-gwyn-ol-2023,Jovaughn Gwyn,OL,2023,5.12,,27.5,109,7.90,4.80,74,297,South Carolina,False,,
jake-haener-qb-2023,Jake Haener,QB,2023,,,35.0,114,7.01,,72,207,Fresno St.,False,4,127
derick-hall-de-2023,Derick Hall,DE,2023,4.55,,33.5,127,,,75,254,Auburn,False,2,37
jaren-hall-qb-2023,Jaren Hall,QB,2023,,,,,,,72,207,BYU,False,5,164
nick-hampton-de-2023,Nick Hampton,DE,2023,4.58,,35.5,120,,,74,236,Appalachian St.,False,5,161
anton-harrison-ol-2023,Anton Harrison,OL,2023,4.98,,28.5,105,,,76,315,Oklahoma,False,1,27
zach-harrison-de-2023,Zach Harrison,DE,2023,,25,,,,,78,274,Ohio St.,False,3,75
jadon-haselwood-wr-2023,Jadon Haselwood,WR,2023,4.66,,37.0,123,6.98,4.31,74,215,Arkansas,False,,
ryan-hayes-ol-2023,Ryan Hayes,OL,2023,5.18,,30.0,103,7.39,,78,298,Michigan,False,7,238
malik-heath-wr-2023,Malik Heath,WR,2023,4.64,,34.0,124,6.96,4.46,74,213,Mississippi,False,,
demarcco-hellams-cb-2023,DeMarcco Hellams,CB,2023,4.57,,31.0,121,,,73,203,Alabama,False,7,224
daiyan-henley-lb-2023,Daiyan Henley,LB,2023,4.54,,35.0,125,,,73,225,Washington St.,False,3,85
kj-henry-de-2023,KJ Henry,DE,2023,4.63,,31.5,112,,,76,251,Clemson,False,,
nick-herbig-de-2023,Nick Herbig,DE,2023,4.65,25,,,,,74,240,Wisconsin,False,4,132
shaka-heyward-lb-2023,Shaka Heyward,LB,2023,4.53,22,31.0,116,7.32,4.40,75,235,Duke,False,,
ronnie-hickman-cb-2023,Ronnie Hickman,CB,2023,,,,,,,73,203,Ohio St.,False,,
elijah-higgins-wr-2023,Elijah Higgins,WR,2023,4.54,,35.0,126,7.01,,75,235,Stanford,False,6,197
brandon-hill-cb-2023,Brandon Hill,CB,2023,4.43,15,35.5,123,,,70,193,Pittsburgh,False,7,248
trevius-hodges-tomlinson-cb-2023,Tre'Vius Hodges-Tomlinson,CB,2023,4.41,12,39.0,132,,,68,178,TCU,False,6,182
hendon-hooker-qb-2023,Hendon Hooker,QB,2023,,,,,,,75,217,Tennessee,False,3,68
dylan-horton-de-2023,Dylan Horton,DE,2023,,18,34.0,120,,,76,257,TCU,False,4,109
jordan-howden-cb-2023,Jordan Howden,CB,2023,4.49,14,33.5,119,,,72,203,Minnesota,False,5,146
evan-hull-rb-2023,Evan Hull,RB,2023,4.47,,37.0,123,6.90,4.38,70,209,Northwestern,False,,
xavier-hutchinson-wr-2023,Xavier Hutchinson,WR,2023,4.53,,36.0,116,6.91,4.35,74,203,Iowa St.,False,6,205
jalin-hyatt-wr-2023,Jalin Hyatt,WR,2023,4.40,,40.0,135,,,72,176,Tennessee,False,3,73
mohamed-ibrahim-rb-2023,Mohamed Ibrahim,RB,2023,,,,,,,68,203,Minnesota,False,,
andre-carter-ii-de-2023,Andre Carter II,DE,2023,,11,30.0,109,,4.36,79,256,Army,False,,
jason-taylor-ii-cb-2023,Jason Taylor II,CB,2023,4.50,14,43.0,129,,,72,204,Oklahoma St.,False,,
mark-evans-ii-ol-2023,Mark Evans II,OL,2023,5.44,,26.5,101,7.75,4.92,75,303,University of Arkansas at Pine Bluff,False,,
rashad-torrence-ii-cb-2023,Rashad Torrence II,CB,2023,4.72,20,33.5,119,,,72,193,Florida,False,,
trey-dean-iii-cb-2023,Trey Dean III,CB,2023,4.75,25,36.5,124,,,74,200,Florida,False,,
clark-phillips-iii-cb-2023,Clark Phillips III,CB,2023,4.51,18,33.0,,,4.32,69,184,Utah,False,4,113
siaki-ika-de-2023,Siaki Ika,DE,2023,5.39,,,,7.80,4.99,75,335,Baylor,False,3,98
thomas-incoom-de-2023,Thomas Incoom,DE,2023,4.66,23,30.5,118,,,74,262,Central Michigan,False,,
andrei-iosivas-wr-2023,Andrei Iosivas,WR,2023,4.43,19,39.0,128,6.85,4.12,75,205,Princeton,False,,
will-mcdonald-iv-de-2023,Will McDonald IV,DE,2023,,,36.0,132,,,76,239,Iowa St.,False,,
kearis-jackson-wr-2023,Kearis Jackson,WR,2023,4.55,,,126,,,71,196,Georgia,False,,
rakim-jarrett-wr-2023,Rakim Jarrett,WR,2023,4.44,13,35.5,123,,,72,192,Maryland,False,,
michael-jefferson-wr-2023,Michael Jefferson,WR,2023,4.56,16,37.0,133,7.03,4.56,76,199,Louisiana,False,,
jaray-jenkins-wr-2023,Jaray Jenkins,WR,2023,4.60,20,29.5,,,,74,204,LSU,False,,
cj-johnson-wr-2023,CJ Johnson,WR,2023,,,,,,,74,224,East Carolina,False,,
dj-johnson-de-2023,DJ Johnson,DE,2023,4.49,28,32.0,110,,,76,260,Oregon,False,,
anthony-johnson-cb-2023,Anthony Johnson,CB,2023,4.63,15,30.5,116,,,74,205,Virginia,False,,
antonio-johnson-cb-2023,Antonio Johnson,CB,2023,4.52,8,31.0,118,,,74,198,Texas A&M,False,5,160
roschon-johnson-rb-2023,Roschon Johnson,RB,2023,4.58,,31.5,122,,,72,219,Texas,False,4,115
quentin-johnston-wr-2023,Quentin Johnston,WR,2023,,,40.5,134,,,75,208,TCU,False,1,21
broderick-jones-ol-2023,Broderick Jones,OL,2023,4.97,,30.0,108,,,77,311,Georgia,False,1,14
cam-jones-lb-2023,Cam Jones,LB,2023,4.69,17,33.0,,,,73,226,Indiana,False,,
charlie-jones-wr-2023,Charlie Jones,WR,2023,4.43,13,36.5,124,,,71,175,Purdue,False,4,131
dawand-jones-ol-2023,Dawand Jones,OL,2023,5.35,,,,,,80,374,Ohio St.,False,4,111
jaylon-jones-cb-2023,Jaylon Jones,CB,2023,4.57,14,38.0,122,6.88,4.30,74,200,Texas A&M,False,7,221
nic-jones-cb-2023,Nic Jones,CB,2023,4.51,,34.5,122,,4.34,72,189,Ball St.,False,7,250
tyreque-jones-cb-2023,Tyreque Jones,CB,2023,4.52,,32.0,119,,4.48,74,195,Boise St.,False,,
brandon-joseph-cb-2023,Brandon Joseph,CB,2023,4.62,17,30.5,118,7.08,4.23,72,202,Notre Dame,False,,
andre-jones-jr-de-2023,Andre Jones Jr.,DE,2023,,,29.0,116,,,77,248,Louisiana,False,,
anthony-johnson-jr-cb-2023,Anthony Johnson Jr.,CB,2023,4.54,,37.5,125,,,72,205,Iowa St.,False,,
chris-rodriguez-jr-rb-2023,Chris Rodriguez Jr.,RB,2023,,,,,,,72,217,Kentucky,False,,
viliami-fehoko-jr-de-2023,Viliami Fehoko Jr.,DE,2023,,24,,,,,76,276,San Jose St.,False,,
will-anderson-jr-de-2023,Will Anderson Jr.,DE,2023,4.60,,,,,,76,253,Alabama,False,1,3
earl-bostick-jr-ol-2023,Earl Bostick Jr.,OL,2023,5.05,,31.0,111,,,78,309,Kansas,False,,
dontay-demus-jr-wr-2023,Dontay Demus Jr.,WR,2023,4.57,,35.5,123,,4.39,75,212,Maryland,False,,
emil-ekiyor-jr-ol-2023,Emil Ekiyor Jr.,OL,2023,,,,,,,75,314,Alabama,False,,
paris-johnson-jr-ol-2023,Paris Johnson Jr.,OL,2023,,,,110,,,78,313,Ohio St.,False,1,6
darrell-luter-jr-cb-2023,Darrell Luter Jr.,CB,2023,4.46,,40.5,123,6.90,4.43,72,189,South Alabama,False,5,155
ivan-pace-jr-lb-2023,Ivan Pace Jr.,LB,2023,,,,,,,71,231,Cincinnati,False,,
joey-porter-jr-cb-2023,Joey Porter Jr.,CB,2023,4.46,17,35.0,129,,,75,193,Penn St.,False,2,32
calijah-kancey-de-2023,Calijah Kancey,DE,2023,4.67,,,,,,73,281,Pittsburgh,False,1,19
kyu-blu-kelly-cb-2023,Kyu Blu Kelly,CB,2023,4.52,,36.0,131,,,72,191,Stanford,False,,
dalton-kincaid-te-2023,Dalton Kincaid,TE,2023,,,,,,,76,246,Utah,False,1,25
jaxson-kirkland-ol-2023,Jaxson Kirkland,OL,2023,,,,,,,79,321,Washington,False,,
malik-knowles-wr-2023,Malik Knowles,WR,2023,,,,,,,74,196,Kansas St.,False,,
tucker-kraft-te-2023,Tucker Kraft,TE,2023,4.69,23,34.0,122,7.08,4.29,77,254,South Dakota St.,False,3,78
zack-kuntz-te-2023,Zack Kuntz,TE,2023,4.55,23,40.0,128,6.87,4.12,79,255,Old Dominion,False,7,220
tyler-lacy-de-2023,Tyler Lacy,DE,2023,5.11,30,28.5,116,7.60,,76,279,Oklahoma St.,False,4,130
brent-laing-ol-2023,Brent Laing,OL,2023,,,,,,,76,304,Duluth/University of Minnesota,False,,
isaiah-land-de-2023,Isaiah Land,DE,2023,4.62,21,34.5,126,7.20,4.56,76,236,Florida A&M,False,,
matt-landers-wr-2023,Matt Landers,WR,2023,4.37,,37.0,130,,,76,200,Arkansas,False,,
sam-laporta-te-2023,Sam LaPorta,TE,2023,4.59,,35.0,123,6.91,4.25,75,245,Iowa,False,2,34
cameron-latu-te-2023,Cameron Latu,TE,2023,,,,,,,76,242,Alabama,False,3,101
eku-leota-de-2023,Eku Leota,DE,2023,,,,,,,75,252,Auburn,False,,
will-levis-qb-2023,Will Levis,QB,2023,,,34.0,124,,,76,229,Kentucky,False,2,33
hunter-luepke-rb-2023,Hunter Luepke,RB,2023,,,,,,,73,230,North Dakota St.,False,,
will-mallory-te-2023,Will Mallory,TE,2023,4.54,20,36.5,121,,,77,239,Miami,False,5,162
tashawn-manning-ol-2023,Tashawn Manning,OL,2023,5.34,,27.5,102,7.90,4.80,75,327,Kentucky,False,,
jartavius-martin-cb-2023,Jartavius Martin,CB,2023,4.46,15,44.0,133,,,71,194,Illinois,False,2,47
ochaun-mathis-de-2023,Ochaun Mathis,DE,2023,4.74,21,33.5,118,,4.38,77,250,Nebraska,False,6,189
cody-mauch-ol-2023,Cody Mauch,OL,2023,5.08,,29.0,108,7.33,4.55,77,302,North Dakota St.,False,,
michael-mayer-te-2023,Michael Mayer,TE,2023,4.70,,32.5,118,,,77,249,Notre Dame,False,2,35
dewayne-mcbride-rb-2023,DeWayne McBride,RB,2023,,,,,,,70,209,Alabama-Birmingham,False,,
warren-mcclendon-ol-2023,Warren McClendon,OL,2023,,,,,,,76,306,Georgia,False,5,174
jordan-mcfadden-ol-2023,Jordan McFadden,OL,2023,4.99,,28.5,,7.70,4.81,74,303,Clemson,False,5,156
isaiah-mcguire-de-2023,Isaiah McGuire,DE,2023,4.76,,36.5,122,7.39,,76,268,Missouri,False,4,126
kenny-mcintosh-rb-2023,Kenny McIntosh,RB,2023,4.62,,,,,,72,204,Georgia,False,7,237
tanner-mckee-qb-2023,Tanner McKee,QB,2023,,,33.0,114,7.22,4.41,78,231,Stanford,False,6,188
kaevon-merriweather-cb-2023,Kaevon Merriweather,CB,2023,4.62,,35.5,118,,,72,205,Iowa,False,,
kendre-miller-rb-2023,Kendre Miller,RB,2023,,,,,,,71,215,TCU,False,3,71
ventrell-miller-lb-2023,Ventrell Miller,LB,2023,,,,,,,72,232,Florida,False,4,121
marvin-mims-wr-2023,Marvin Mims,WR,2023,4.38,,39.5,129,6.90,,71,183,Oklahoma,False,2,63
jonathan-mingo-wr-2023,Jonathan Mingo,WR,2023,4.46,22,39.5,129,,,74,220,Mississippi,False,2,39
cameron-mitchell-cb-2023,Cameron Mitchell,CB,2023,4.47,15,35.0,,,,71,191,Northwestern,False,5,142
keaton-mitchell-rb-2023,Keaton Mitchell,RB,2023,4.37,,38.0,126,,,68,179,East Carolina,False,,
isaiah-moore-lb-2023,Isaiah Moore,LB,2023,,26,,,,,74,233,North Carolina St.,False,,
jalen-moreno-cropper-wr-2023,Jalen Moreno-Cropper,WR,2023,4.40,,,121,,,71,172,Fresno St.,False,,
mike-morris-de-2023,Mike Morris,DE,2023,4.95,22,28.5,110,,,77,275,Michigan,False,5,151
wanya-morris-ol-2023,Wanya Morris,OL,2023,5.10,,28.5,111,,,77,307,Oklahoma,False,3,92
riley-moss-cb-2023,Riley Moss,CB,2023,4.45,,39.0,127,,,73,193,Iowa,False,3,83
caleb-murphy-de-2023,Caleb Murphy,DE,2023,4.81,,28.5,119,7.28,4.45,75,254,Ferris St.,False,,
myles-murphy-de-2023,Myles Murphy,DE,2023,,25,,,,,77,268,Clemson,False,1,28
luke-musgrave-te-2023,Luke Musgrave,TE,2023,4.61,,36.0,125,,,78,253,Oregon St.,False,2,42
pj-mustipher-de-2023,PJ Mustipher,DE,2023,5.41,19,27.5,96,8.01,5.03,76,320,Penn St.,False,,
puka-nacua-wr-2023,Puka Nacua,WR,2023,,,,,,,74,201,BYU,False,5,177
lukas-van-ness-de-2023,Lukas Van Ness,DE,2023,4.58,17,31.0,118,7.02,4.32,77,272,Iowa,False,,
joseph-ngata-wr-2023,Joseph Ngata,WR,2023,4.54,,34.5,124,,,75,217,Clemson,False,,
aidan-oconnell-qb-2023,Aidan O'Connell,QB,2023,,,,,,,75,213,Purdue,False,4,135
moro-ojomo-de-2023,Moro Ojomo,DE,2023,5.04,29,33.0,112,,,75,292,Texas,False,7,249
john-ojukwu-ol-2023,John Ojukwu,OL,2023,5.24,,28.5,104,7.52,4.52,78,309,Boise St.,False,,
bj-ojulari-de-2023,BJ Ojulari,DE,2023,,,32.5,126,,,74,248,LSU,False,2,41
olusegun-oluwatimi-ol-2023,Olusegun Oluwatimi,OL,2023,5.38,,29.0,110,,,75,309,Michigan,False,,
anfernee-orji-lb-2023,Anfernee Orji,LB,2023,4.53,,38.5,122,7.00,4.43,73,230,Vanderbilt,False,,
demarvion-overshown-lb-2023,DeMarvion Overshown,LB,2023,4.56,15,,124,,,75,229,Texas,False,3,90
gervarrius-owens-cb-2023,Gervarrius Owens,CB,2023,,15,37.5,125,,,72,195,Houston,False,7,254
trey-palmer-wr-2023,Trey Palmer,WR,2023,4.33,,,,,,72,192,Nebraska,False,6,191
owen-pappoe-lb-2023,Owen Pappoe,LB,2023,4.39,29,35.5,126,,,72,225,Auburn,False,5,168
jarrett-patterson-ol-2023,Jarrett Patterson,OL,2023,5.33,,29.5,106,7.96,4.73,77,306,Notre Dame,False,6,201
kyle-patterson-te-2023,Kyle Patterson,TE,2023,,,,,,,77,260,Air Force,False,,
camerun-peoples-rb-2023,Camerun Peoples,RB,2023,4.61,,37.0,121,,,73,217,Appalachian St.,False,,
at-perry-wr-2023,A.T. Perry,WR,2023,4.47,,35.0,133,,,76,198,Wake Forest,False,6,195
lonnie-phelps-de-2023,Lonnie Phelps,DE,2023,4.55,31,,,,,74,244,Kansas,False,,
zacch-pickens-de-2023,Zacch Pickens,DE,2023,4.89,22,30.5,116,7.45,4.62,76,291,South Carolina,False,3,64
deneric-prince-rb-2023,Deneric Prince,RB,2023,4.41,,35.5,124,,,72,216,Tulsa,False,,
jose-ramirez-de-2023,Jose Ramirez,DE,2023,4.73,21,34.5,118,6.95,4.30,74,242,Eastern Michigan,False,,
jalen-redmond-de-2023,Jalen Redmond,DE,2023,4.81,27,34.5,116,7.30,4.51,74,291,Oklahoma,False,,
jayden-reed-wr-2023,Jayden Reed,WR,2023,4.45,,33.5,121,,4.29,71,187,Michigan St.,False,2,50
rashee-rice-wr-2023,Rashee Rice,WR,2023,4.51,,41.0,128,,,73,204,SMU,False,2,55
asim-richards-ol-2023,Asim Richards,OL,2023,,,,,,,76,309,North Carolina,False,5,169
anthony-richardson-qb-2023,Anthony Richardson,QB,2023,4.43,,40.5,129,,,76,244,Florida,False,1,4
eli-ricks-cb-2023,Eli Ricks,CB,2023,,,,,,,74,188,Alabama,False,,
kelee-ringo-cb-2023,Kelee Ringo,CB,2023,4.36,,33.5,122,,,74,207,Georgia,False,4,105
tavius-robinson-de-2023,Tavius Robinson,DE,2023,4.66,23,33.5,120,,4.62,78,257,Mississippi,False,,
bijan-robinson-rb-2023,Bijan Robinson,RB,2023,4.46,,37.0,124,,,71,215,Texas,False,1,8
jammie-robinson-cb-2023,Jammie Robinson,CB,2023,4.59,23,33.5,116,,,71,191,Florida St.,False,5,145
jaquelin-roy-de-2023,Jaquelin Roy,DE,2023,,30,,,8.01,5.00,75,305,LSU,False,5,141
darius-rush-cb-2023,Darius Rush,CB,2023,4.36,,35.0,121,,,74,198,South Carolina,False,5,138
nick-saldiveri-ol-2023,Nick Saldiveri,OL,2023,5.21,,31.0,111,,4.69,78,318,Old Dominion,False,,
drew-sanders-lb-2023,Drew Sanders,LB,2023,,,,,,,76,235,Arkansas,False,3,67
john-michael-schmitz-ol-2023,John Michael Schmitz,OL,2023,5.35,,29.5,104,,4.56,76,301,Minnesota,False,,
luke-schoonmaker-te-2023,Luke Schoonmaker,TE,2023,4.63,,33.5,127,,4.27,77,251,Michigan,False,2,58
daniel-scott-cb-2023,Daniel Scott,CB,2023,4.45,22,39.5,128,6.75,4.17,73,208,California,False,5,158
tyler-scott-wr-2023,Tyler Scott,WR,2023,4.44,,39.5,133,,,70,177,Cincinnati,False,4,133
juice-scruggs-ol-2023,Juice Scruggs,OL,2023,5.22,,32.0,102,7.75,4.82,75,301,Penn St.,False,2,62
noah-sewell-lb-2023,Noah Sewell,LB,2023,4.64,27,33.0,115,,,74,246,Oregon,False,5,148
justin-shorter-wr-2023,Justin Shorter,WR,2023,4.55,18,35.5,126,,,76,229,Florida,False,5,150
nesta-jade-silvera-de-2023,Nesta Jade Silvera,DE,2023,5.16,,29.5,110,,,74,304,Arizona St.,False,,
trenton-simpson-lb-2023,Trenton Simpson,LB,2023,4.43,25,,,,,74,235,Clemson,False,3,86
jl-skinner-cb-2023,JL Skinner,CB,2023,,,,,,,76,209,Boise St.,False,6,183
peter-skoronski-ol-2023,Peter Skoronski,OL,2023,5.16,,34.5,115,7.80,,76,313,Northwestern,False,1,11
terell-smith-cb-2023,Terell Smith,CB,2023,4.41,14,34.0,120,7.02,4.30,73,204,Minnesota,False,,
cam-smith-cb-2023,Cam Smith,CB,2023,4.43,,38.0,134,,,73,180,South Carolina,False,2,51
christopher-smith-cb-2023,Christopher Smith,CB,2023,4.62,15,33.0,116,,,71,192,Georgia,False,5,170
mazi-smith-de-2023,Mazi Smith,DE,2023,,34,,,,,75,323,Michigan,False,1,26
nolan-smith-de-2023,Nolan Smith,DE,2023,4.39,,41.5,128,,,74,238,Georgia,False,1,30
jaxon-smith-njigba-wr-2023,Jaxon Smith-Njigba,WR,2023,,,35.0,125,6.57,3.93,73,196,Ohio St.,False,1,20
sidy-sow-ol-2023,Sidy Sow,OL,2023,5.07,,32.0,110,7.62,4.69,77,323,Eastern Michigan,False,,
tyjae-spears-rb-2023,Tyjae Spears,RB,2023,,,39.0,125,,,70,201,Tulane,False,3,81
tyler-steen-ol-2023,Tyler Steen,OL,2023,,,29.5,109,,4.59,78,321,Alabama,False,3,65
tyrique-stevenson-cb-2023,Tyrique Stevenson,CB,2023,4.45,,38.5,125,7.09,4.41,72,198,Miami,False,2,56
dante-stills-de-2023,Dante Stills,DE,2023,4.85,20,28.5,113,7.38,4.61,76,286,West Virginia,False,6,213
brenton-strange-te-2023,Brenton Strange,TE,2023,4.70,23,36.0,124,7.25,4.46,76,253,Penn St.,False,2,61
ricky-stromberg-ol-2023,Ricky Stromberg,OL,2023,5.26,,32.5,111,,,75,306,Arkansas,False,3,97
cj-stroud-qb-2023,C.J. Stroud,QB,2023,,,,,,,75,214,Ohio St.,False,1,2
leonard-taylor-te-2023,Leonard Taylor,TE,2023,,,,,,,77,250,Cincinnati,False,,
noah-taylor-de-2023,Noah Taylor,DE,2023,,22,,,,,76,238,North Carolina,False,,
charlie-thomas-lb-2023,Charlie Thomas,LB,2023,4.52,18,32.5,124,7.09,4.34,75,216,Georgia Tech,False,,
tavion-thomas-rb-2023,Tavion Thomas,RB,2023,4.74,,30.0,118,,,72,237,Utah,False,,
sarodorick-thompson-rb-2023,SaRodorick Thompson,RB,2023,4.67,,32.5,120,7.25,4.70,72,207,Texas Tech,False,,
dorian-thompson-robinson-qb-2023,Dorian Thompson-Robinson,QB,2023,4.56,,32.5,121,7.28,4.44,74,203,UCLA,False,5,140
cedric-tillman-wr-2023,Cedric Tillman,WR,2023,4.54,,37.0,128,,,75,213,Tennessee,False,3,74
mitchell-tinsley-wr-2023,Mitchell Tinsley,WR,2023,4.60,14,35.5,120,,4.21,72,199,Penn St.,False,,
joe-tippmann-ol-2023,Joe Tippmann,OL,2023,,,,,,,78,313,Wisconsin,False,2,43
henry-tootoo-lb-2023,Henry To'oTo'o,LB,2023,4.62,,32.0,116,,4.40,73,227,Alabama,False,5,167
ocyrus-torrence-ol-2023,O'Cyrus Torrence,OL,2023,5.31,,23.5,101,,4.81,77,330,Florida,False,2,59
cory-trice-cb-2023,Cory Trice,CB,2023,4.47,17,35.5,132,,,75,206,Purdue,False,7,241
sean-tucker-rb-2023,Sean Tucker,RB,2023,,,,,,,69,207,Syracuse,False,,
tre-tucker-wr-2023,Tre Tucker,WR,2023,4.40,,37.5,124,,,69,182,Cincinnati,False,3,100
tuli-tuipulotu-de-2023,Tuli Tuipulotu,DE,2023,,,,,,,75,266,USC,False,2,54
clayton-tune-qb-2023,Clayton Tune,QB,2023,4.64,,37.5,122,6.89,4.25,75,220,Houston,False,5,139
dj-turner-cb-2023,DJ Turner,CB,2023,4.26,,38.5,131,,,71,178,Michigan,False,2,60
carrington-valentine-cb-2023,Carrington Valentine,CB,2023,,9,39.0,128,,,72,193,Kentucky,False,7,232
deuce-vaughn-rb-2023,Deuce Vaughn,RB,2023,,,35.5,116,,,65,179,Kansas St.,False,6,212
travis-vokolek-te-2023,Travis Vokolek,TE,2023,,20,,115,,,78,259,Nebraska,False,,
andrew-vorhees-ol-2023,Andrew Vorhees,OL,2023,,,29.0,105,,,78,310,USC,False,7,229
dalton-wagner-ol-2023,Dalton Wagner,OL,2023,,,24.5,102,,,80,320,Arkansas,False,,
jay-ward-cb-2023,Jay Ward,CB,2023,4.55,16,34.5,132,,,73,188,LSU,False,4,134
carter-warren-ol-2023,Carter Warren,OL,2023,,,,,,,78,311,Pittsburgh,False,4,120
darnell-washington-te-2023,Darnell Washington,TE,2023,4.64,21,31.0,122,,4.08,79,264,Georgia,False,3,93
parker-washington-wr-2023,Parker Washington,WR,2023,,16,,,,,70,204,Penn St.,False,6,185
jalen-wayne-wr-2023,Jalen Wayne,WR,2023,4.51,,34.5,124,,,74,210,South Alabama,False,,
tyrus-wheat-de-2023,Tyrus Wheat,DE,2023,4.65,,28.5,113,,4.54,74,263,Mississippi St.,False,,
keion-white-de-2023,Keion White,DE,2023,,30,34.0,117,,,77,285,Georgia Tech,False,2,46
blake-whiteheart-te-2023,Blake Whiteheart,TE,2023,4.70,20,35.5,115,,,76,247,Wake Forest,False,,
josh-whyle-te-2023,Josh Whyle,TE,2023,4.69,,33.5,115,,,79,248,Cincinnati,False,5,147
dontayvion-wicks-wr-2023,Dontayvion Wicks,WR,2023,4.62,,39.0,130,,,73,206,Virginia,False,5,159
dorian-williams-lb-2023,Dorian Williams,LB,2023,4.49,,33.5,120,,,73,228,Tulane,False,3,91
garrett-williams-cb-2023,Garrett Williams,CB,2023,,,,,,,70,192,Syracuse,False,3,72
brayden-willis-te-2023,Brayden Willis,TE,2023,,20,32.0,117,7.30,4.36,76,241,Oklahoma,False,7,247
michael-wilson-wr-2023,Michael Wilson,WR,2023,4.58,23,37.5,125,,4.27,74,213,Stanford,False,3,94
tyree-wilson-de-2023,Tyree Wilson,DE,2023,,23,,,,,78,271,Texas Tech,False,1,7
dee-winters-lb-2023,Dee Winters,LB,2023,4.49,,30.5,117,,,71,227,TCU,False,6,216
devon-witherspoon-cb-2023,Devon Witherspoon,CB,2023,,,,,,,72,181,Illinois,False,1,5
colby-wooden-de-2023,Colby Wooden,DE,2023,4.79,23,,115,,4.52,76,273,Auburn,False,4,116
darnell-wright-ol-2023,Darnell Wright,OL,2023,5.01,,29.0,114,,,77,333,Tennessee,False,1,10
rejzohn-wright-cb-2023,Rejzohn Wright,CB,2023,,,,,,,74,193,Oregon St.,False,,
luke-wypler-ol-2023,Luke Wypler,OL,2023,5.14,,30.5,106,7.64,4.53,75,303,Ohio St.,False,6,190
bryce-young-qb-2023,Bryce Young,QB,2023,,,,,,,70,204,Alabama,False,1,1
byron-young-de-2023,Byron Young,DE,2023,,24,26.0,108,7.68,,75,294,Alabama,False,3,70
byron-young-de-2023-1,Byron Young,DE,2023,4.43,22,38.0,132,7.19,,74,250,Tennessee,False,3,77
cameron-young-de-2023,Cameron Young,DE,2023,5.10,,,,,,75,304,Mississippi St.,False,4,123
kris-abrams-draine-cb-2024,Kris Abrams-Draine,CB,2024,4.44,,33.5,,,,71,179,Missouri,False,5,145
isaiah-adams-ol-2024,Isaiah Adams,OL,2024,5.22,,24.5,102,7.77,4.73,76,315,Illinois,False,3,71
rasheen-ali-rb-2024,Rasheen Ali,RB,2024,,,,,,,71,206,Marshall,False,5,165
erick-all-te-2024,Erick All,TE,2024,,,,,,,76,252,Iowa,False,4,115
braelon-allen-rb-2024,Braelon Allen,RB,2024,,26,32.0,117,,,73,235,Wisconsin,False,4,134
joe-alt-ol-2024,Joe Alt,OL,2024,5.05,,28.0,112,7.31,4.51,81,321,Notre Dame,False,1,5
kiran-amegadjie-ol-2024,Kiran Amegadjie,OL,2024,,,,,,,77,323,Yale,False,,
daijahn-anthony-s-2024,Daijahn Anthony,S,2024,4.55,,37.0,116,,,72,195,Mississippi,False,7,224
terrion-arnold-cb-2024,Terrion Arnold,CB,2024,4.50,,37.0,129,,,72,189,Alabama,False,1,24
gottlieb-ayedze-ol-2024,Gottlieb Ayedze,OL,2024,5.01,,26.5,112,,,76,308,Maryland,False,,
emani-bailey-rb-2024,Emani Bailey,RB,2024,4.61,,33.5,116,,,67,202,TCU,False,,
javon-baker-wr-2024,Javon Baker,WR,2024,4.54,,37.0,121,,,73,202,Central Florida,False,4,110
aj-barner-te-2024,AJ Barner,TE,2024,,,,,,,78,251,Michigan,False,4,121
karsen-barnhart-ol-2024,Karsen Barnhart,OL,2024,5.21,,29.5,111,7.83,4.70,77,306,Michigan,False,,
michael-barrett-lb-2024,Michael Barrett,LB,2024,,,,,,,71,233,Michigan,False,7,240
graham-barton-ol-2024,Graham Barton,OL,2024,,,,,,,77,313,Duke,False,1,26
cooper-beebe-ol-2024,Cooper Beebe,OL,2024,5.03,,27.5,109,7.44,4.61,75,322,Kansas St.,False,3,73
jaheim-bell-te-2024,Jaheim Bell,TE,2024,4.61,,35.0,124,,,74,241,Florida St.,False,7,231
trey-benson-rb-2024,Trey Benson,RB,2024,4.39,,33.5,122,,,72,216,Florida St.,False,3,66
jd-bertrand-lb-2024,JD Bertrand,LB,2024,,20,,,,,73,235,Notre Dame,False,5,143
tatum-bethune-lb-2024,Tatum Bethune,LB,2024,,16,,,,,72,229,Florida St.,False,7,251
keaton-bills-ol-2024,Keaton Bills,OL,2024,5.38,,29.5,101,7.95,4.90,77,321,Utah,False,,
cole-bishop-s-2024,Cole Bishop,S,2024,4.45,,39.0,124,,,74,206,Utah,False,2,60
austin-booker-de-2024,Austin Booker,DE,2024,4.79,,32.5,120,,,77,240,Kansas,False,5,144
tanor-bortolini-ol-2024,Tanor Bortolini,OL,2024,4.94,,32.5,112,7.16,4.28,76,303,Wisconsin,False,,
brock-bowers-te-2024,Brock Bowers,TE,2024,,,,,,,75,243,Georgia,False,1,13
beau-brade-s-2024,Beau Brade,S,2024,,,,,,,72,203,Maryland,False,,
millard-bradford-s-2024,Millard Bradford,S,2024,4.42,15,38.5,124,,,71,191,TCU,False,,
chris-braswell-de-2024,Chris Braswell,DE,2024,4.60,,33.5,115,,,75,251,Alabama,False,2,57
jonathon-brooks-rb-2024,Jonathon Brooks,RB,2024,,,,,,,72,216,Texas,False,2,46
jarvis-brownlee-cb-2024,Jarvis Brownlee,CB,2024,,,,,,,70,194,Louisville,False,5,146
javon-bullard-s-2024,Javon Bullard,S,2024,4.47,,,,,,71,198,Georgia,False,2,58
calen-bullock-s-2024,Calen Bullock,S,2024,4.48,,,,,,74,188,USC,False,3,78
jermaine-burton-wr-2024,Jermaine Burton,WR,2024,4.45,,38.5,133,,,72,196,Alabama,False,3,80
solomon-byrd-de-2024,Solomon Byrd,DE,2024,,,,,,,75,255,USC,False,,
jaylon-carlies-s-2024,Jaylon Carlies,S,2024,4.50,20,32.5,125,,,75,227,Missouri,False,5,151
caelen-carson-cb-2024,Caelen Carson,CB,2024,,,,,,,72,199,Wake Forest,False,5,174
dewayne-carter-de-2024,DeWayne Carter,DE,2024,4.99,,32.0,109,7.95,4.75,74,302,Duke,False,3,95
aaron-casey-lb-2024,Aaron Casey,LB,2024,4.75,16,30.0,117,,,73,231,Indiana,False,,
nelson-ceaser-de-2024,Nelson Ceaser,DE,2024,,22,31.0,,7.30,4.57,75,254,Houston,False,,
steele-chambers-lb-2024,Steele Chambers,LB,2024,,,33.5,112,7.13,4.23,73,226,Ohio St.,False,,
javion-cohen-ol-2024,Javion Cohen,OL,2024,,,26.5,104,,,76,324,Miami,False,,
jalen-coker-wr-2024,Jalen Coker,WR,2024,4.57,,42.5,128,,,73,208,Holy Cross,False,,
andrew-coker-ol-2024,Andrew Coker,OL,2024,5.36,,25.5,94,7.95,4.93,79,315,TCU,False,,
myles-cole-de-2024,Myles Cole,DE,2024,4.67,,35.0,120,,,78,278,Texas Tech,False,7,236
brandon-coleman-ol-2024,Brandon Coleman,OL,2024,4.99,,34.0,114,,,77,313,TCU,False,3,67
keon-coleman-wr-2024,Keon Coleman,WR,2024,4.61,,38.0,127,,,75,213,Florida St.,False,2,33
junior-colson-lb-2024,Junior Colson,LB,2024,,,,,,,74,238,Michigan,False,3,69
ryan-cooper-cb-2024,Ryan Cooper,CB,2024,,,,,,,71,184,Oregon St.,False,,
edgerrin-cooper-lb-2024,Edgerrin Cooper,LB,2024,4.51,,34.5,118,,,74,230,Texas A&M,False,2,45
malachi-corley-wr-2024,Malachi Corley,WR,2024,,,,,,,71,215,Western Kentucky,False,3,65
blake-corum-rb-2024,Blake Corum,RB,2024,4.53,27,35.5,,6.82,4.12,68,205,Michigan,False,3,83
jacob-cowing-wr-2024,Jacob Cowing,WR,2024,4.38,,36.0,119,7.02,4.32,68,168,Arizona,False,4,135
frank-crum-ol-2024,Frank Crum,OL,2024,4.94,,31.5,114,7.39,4.73,80,313,Wyoming,False,,
jaden-crumedy-de-2024,Jaden Crumedy,DE,2024,4.97,,29.5,105,,4.66,76,301,Mississippi St.,False,6,200
devin-culp-te-2024,Devin Culp,TE,2024,4.47,,,,,,75,231,Washington,False,7,246
jayden-daniels-qb-2024,Jayden Daniels,QB,2024,,,,,,,76,210,LSU,False,1,2
anim-dankwah-ol-2024,Anim Dankwah,OL,2024,,,27.5,,,,80,353,Howard,False,,
isaiah-davis-rb-2024,Isaiah Davis,RB,2024,4.57,23,34.5,119,,,72,218,South Dakota St.,False,,
remahn-davis-rb-2024,Re'Mahn Davis,RB,2024,4.52,,35.0,119,,4.51,68,211,Kentucky,False,,
tyler-davis-de-2024,Tyler Davis,DE,2024,5.02,29,28.5,108,,5.00,74,301,Clemson,False,6,196
cooper-dejean-cb-2024,Cooper DeJean,CB,2024,,,,,,,73,203,Iowa,False,2,40
kalen-deloach-lb-2024,Kalen DeLoach,LB,2024,4.47,,30.5,119,,,72,210,Florida St.,False,,
marlon-devonshire-cb-2024,Marlon Devonshire,CB,2024,4.45,,38.5,124,7.12,4.35,71,186,Pittsburgh,False,,
marcellas-dial-cb-2024,Marcellas Dial,CB,2024,4.46,,40.5,129,,,72,190,South Carolina,False,6,180
john-dixon-cb-2024,John Dixon,CB,2024,,,,,,,71,188,Penn St.,False,,
brandon-dorlus-de-2024,Brandon Dorlus,DE,2024,4.85,,30.5,111,7.43,4.85,75,283,Oregon,False,4,109
willie-drew-cb-2024,Willie Drew,CB,2024,4.46,13,,,,,72,191,Virginia St.,False,,
ethan-driskell-ol-2024,Ethan Driskell,OL,2024,,,,,,,80,313,Marshall,False,,
khalid-duke-de-2024,Khalid Duke,DE,2024,4.79,21,34.0,117,,,75,246,Kansas St.,False,,
justin-eboigbe-de-2024,Justin Eboigbe,DE,2024,5.18,,28.0,,,,76,297,Alabama,False,4,105
sevarian-edwards-rb-2024,Sevarian Edwards,RB,2024,,,,114,,,70,207,Georgia,False,,
kingsley-eguakun-ol-2024,Kingsley Eguakun,OL,2024,,,,,,,76,304,Florida,False,,
tommy-eichenberg-lb-2024,Tommy Eichenberg,LB,2024,,,32.5,116,,4.24,74,233,Ohio St.,False,5,148
jonah-elliss-de-2024,Jonah Elliss,DE,2024,,,,,,,74,248,Utah,False,3,76
audric-estim-rb-2024,Audric Estimé,RB,2024,4.71,23,38.0,125,,,71,221,Notre Dame,False,5,147
josiah-ezirim-ol-2024,Josiah Ezirim,OL,2024,,,,,,,78,329,Eastern Kentucky,False,,
olumuyiwa-fashanu-ol-2024,Olumuyiwa Fashanu,OL,2024,5.11,,32.0,109,,,78,312,Penn St.,False,,
troy-fautanu-ol-2024,Troy Fautanu,OL,2024,5.01,,32.5,113,,,76,317,Washington,False,1,20
blake-fisher-ol-2024,Blake Fisher,OL,2024,5.20,,28.0,114,7.76,4.73,78,310,Notre Dame,False,2,59
braden-fiske-de-2024,Braden Fiske,DE,2024,4.78,26,33.5,117,,4.37,76,292,Florida St.,False,2,39
jeremy-flax-ol-2024,Jeremy Flax,OL,2024,5.64,,28.0,100,,,78,343,Kentucky,False,,
ryan-flournoy-wr-2024,Ryan Flournoy,WR,2024,4.44,19,39.5,132,,,73,202,Southeast Missouri St.,False,,
jaylan-ford-lb-2024,Jaylan Ford,LB,2024,,,33.5,121,,,74,240,Texas,False,5,175
javon-foster-ol-2024,Javon Foster,OL,2024,5.30,,32.5,106,,,78,313,Missouri,False,4,114
troy-franklin-wr-2024,Troy Franklin,WR,2024,4.41,,39.0,124,6.90,4.31,74,176,Oregon,False,4,102
zach-frazier-ol-2024,Zach Frazier,OL,2024,,,,,,,75,313,West Virginia,False,2,51
taliese-fuaga-ol-2024,Taliese Fuaga,OL,2024,5.13,,32.0,111,,,78,324,Oregon St.,False,1,14
xzauvea-gadlin-ol-2024,X'Zauvea Gadlin,OL,2024,5.50,,24.0,96,8.26,4.97,75,322,Liberty,False,,
nicholas-gargiulo-ol-2024,Nicholas Gargiulo,OL,2024,5.25,,32.5,101,7.33,,77,318,South Carolina,False,,
easton-gibbs-lb-2024,Easton Gibbs,LB,2024,4.73,,31.5,109,,,72,232,Wyoming,False,,
delmar-glaze-ol-2024,Delmar Glaze,OL,2024,5.21,,25.5,104,,,76,315,Maryland,False,3,77
matthew-goncalves-ol-2024,Matthew Goncalves,OL,2024,,,,,,,78,327,Pittsburgh,False,,
franklin-gore-rb-2024,Franklin Gore,RB,2024,,12,,,,,68,201,Southern Mississippi,False,,
anthony-gould-wr-2024,Anthony Gould,WR,2024,4.39,,39.5,129,,4.16,68,174,Oregon St.,False,5,142
tylan-grable-ol-2024,Tylan Grable,OL,2024,4.95,,36.5,117,,,78,306,Central Florida,False,6,204
cedric-gray-lb-2024,Cedric Gray,LB,2024,4.64,17,35.5,120,,,74,234,North Carolina,False,4,106
renardo-green-cb-2024,Renardo Green,CB,2024,4.49,,37.5,130,,,72,186,Florida St.,False,2,64
garret-greenfield-ol-2024,Garret Greenfield,OL,2024,5.22,,38.5,113,7.76,4.85,78,311,South Dakota St.,False,,
lideatrick-griffin-wr-2024,Lideatrick Griffin,WR,2024,4.43,,35.5,124,7.00,4.35,70,181,Mississippi St.,False,,
isaac-guerendo-rb-2024,Isaac Guerendo,RB,2024,4.33,,41.5,129,6.94,4.15,72,221,Louisville,False,4,129
tyler-guyton-ol-2024,Tyler Guyton,OL,2024,5.19,,34.5,107,7.50,4.71,80,322,Oklahoma,False,1,29
kamal-hadden-cb-2024,Kamal Hadden,CB,2024,,,,,,,73,196,Tennessee,False,6,211
gabriel-hall-de-2024,Gabriel Hall,DE,2024,5.03,,31.5,115,7.65,4.67,78,291,Baylor,False,,
dominique-hampton-s-2024,Dominique Hampton,S,2024,4.51,,39.0,122,6.83,4.14,74,215,Washington,False,5,161
cj-hanson-ol-2024,C.J. Hanson,OL,2024,5.00,,33.5,115,,,77,300,Holy Cross,False,,
myles-harden-cb-2024,Myles Harden,CB,2024,4.50,13,35.5,118,6.88,3.98,71,195,South Dakota,False,,
daequan-hardy-cb-2024,Daequan Hardy,CB,2024,4.38,,42.5,126,,,69,179,Penn St.,False,6,219
jaylen-harrell-de-2024,Jaylen Harrell,DE,2024,,,37.0,118,,,76,250,Michigan,False,7,252
marcus-harris-de-2024,Marcus Harris,DE,2024,5.06,27,29.5,103,,,74,286,Auburn,False,7,247
marvin-harrison-wr-2024,Marvin Harrison,WR,2024,,,,,,,75,209,Ohio St.,False,1,4
cam-hart-cb-2024,Cam Hart,CB,2024,4.50,11,39.5,130,7.12,4.24,75,202,Notre Dame,False,5,140
sam-hartman-qb-2024,Sam Hartman,QB,2024,4.80,,28.5,109,7.19,4.34,73,211,Notre Dame,False,,
christian-haynes-ol-2024,Christian Haynes,OL,2024,5.03,,33.0,102,,,75,317,Connecticut,False,3,81
ladarius-henderson-ol-2024,LaDarius Henderson,OL,2024,,,,,,,76,309,Michigan,False,7,249
jaden-hicks-s-2024,Jaden Hicks,S,2024,,16,37.5,122,6.88,4.37,74,211,Washington St.,False,4,133
george-holani-rb-2024,George Holani,RB,2024,4.52,24,39.0,127,,4.33,70,208,Boise St.,False,,
dallin-holker-te-2024,Dallin Holker,TE,2024,4.78,,32.5,122,6.83,4.21,75,241,Colorado St.,False,,
tyron-hopper-lb-2024,Ty'Ron Hopper,LB,2024,,,,,,,74,231,Missouri,False,3,91
jalyx-hunt-de-2024,Jalyx Hunt,DE,2024,4.64,19,37.5,128,,,76,252,Houston Christian University,False,,
jontrey-hunter-lb-2024,Jontrey Hunter,LB,2024,,,32.0,111,,,74,236,Georgia St.,False,,
byron-murphy-ii-de-2024,Byron Murphy II,DE,2024,4.87,28,33.0,111,,,73,297,Texas,False,,
bucky-irving-rb-2024,Bucky Irving,RB,2024,4.55,,29.5,115,,,69,192,Oregon,False,4,125
adisa-isaac-de-2024,Adisa Isaac,DE,2024,4.74,,34.5,123,,,76,247,Penn St.,False,3,93
brennan-jackson-de-2024,Brennan Jackson,DE,2024,4.69,21,33.5,114,,,76,264,Washington St.,False,5,154
jhaquan-jackson-wr-2024,Jha'Quan Jackson,WR,2024,4.42,12,32.0,118,,,69,188,Tulane,False,6,182
khyree-jackson-cb-2024,Khyree Jackson,CB,2024,4.50,,36.5,133,,,76,194,Oregon,False,4,108
mckinnley-jackson-de-2024,McKinnley Jackson,DE,2024,5.26,,23.0,106,,,74,326,Texas A&M,False,3,97
curtis-jacobs-lb-2024,Curtis Jacobs,LB,2024,4.58,18,35.0,124,,,73,241,Penn St.,False,,
dj-james-cb-2024,DJ James,CB,2024,4.42,,,,,,72,175,Auburn,False,,
javontae-jean-baptiste-de-2024,Javontae Jean-Baptiste,DE,2024,4.66,,34.5,127,,,77,239,Notre Dame,False,7,222
trajan-jeffcoat-de-2024,Trajan Jeffcoat,DE,2024,4.69,21,31.5,120,,,76,266,Arkansas,False,,
jordan-jefferson-de-2024,Jordan Jefferson,DE,2024,,34,31.0,104,,,75,313,LSU,False,4,116
kris-jenkins-de-2024,Kris Jenkins,DE,2024,4.91,29,30.0,115,,4.78,75,299,Michigan,False,2,49
theodore-johnson-te-2024,Theodore Johnson,TE,2024,4.57,,39.5,125,7.15,4.19,78,259,Penn St.,False,,
carlton-johnson-cb-2024,Carlton Johnson,CB,2024,,,,,,,71,173,Fresno St.,False,,
cedric-johnson-de-2024,Cedric Johnson,DE,2024,4.63,25,38.0,122,,,75,260,Mississippi,False,6,214
cornelius-johnson-wr-2024,Cornelius Johnson,WR,2024,4.44,,37.5,127,,,75,212,Michigan,False,7,253
dillon-johnson-rb-2024,Dillon Johnson,RB,2024,4.68,,31.5,117,,,72,217,Washington,False,,
isaiah-johnson-cb-2024,Isaiah Johnson,CB,2024,4.64,,38.5,129,,,75,205,Syracuse,False,,
christian-jones-ol-2024,Christian Jones,OL,2024,5.04,,,,8.09,4.78,77,305,Texas,False,5,162
elijah-jones-cb-2024,Elijah Jones,CB,2024,4.44,,42.5,131,,,74,185,Boston Col.,False,3,90
jarrian-jones-cb-2024,Jarrian Jones,CB,2024,4.38,,39.5,129,,,72,190,Florida St.,False,3,96
matthew-jones-ol-2024,Matthew Jones,OL,2024,5.21,,28.0,103,8.19,,76,316,Ohio St.,False,,
trente-jones-ol-2024,Trente Jones,OL,2024,5.17,,27.0,109,7.78,4.87,76,305,Michigan,False,,
jawhar-jordan-rb-2024,Jawhar Jordan,RB,2024,4.56,,,,,,70,193,Louisville,False,6,205
michael-hall-jr-de-2024,Michael Hall Jr.,DE,2024,,,,,,,75,290,Ohio St.,False,2,54
michael-penix-jr-qb-2024,Michael Penix Jr.,QB,2024,,,,,,,74,216,Washington,False,1,8
ennis-rakestraw-jr-cb-2024,Ennis Rakestraw Jr.,CB,2024,4.51,,,120,,,71,183,Missouri,False,2,61
tyrone-tracy-jr-rb-2024,Tyrone Tracy Jr.,RB,2024,4.48,,40.0,124,6.81,4.06,71,209,Purdue,False,5,166
jeremiah-trotter-jr-lb-2024,Jeremiah Trotter Jr.,LB,2024,,21,,,7.13,4.40,72,228,Clemson,False,5,155
mohamed-kamara-de-2024,Mohamed Kamara,DE,2024,4.57,23,34.5,123,,,73,248,Colorado St.,False,5,158
trevor-keegan-ol-2024,Trevor Keegan,OL,2024,5.24,,30.5,107,,,77,310,Michigan,False,5,172
jaylen-key-s-2024,Jaylen Key,S,2024,4.60,,36.5,130,,,73,208,Alabama,False,7,257
kamren-kinchens-s-2024,Kamren Kinchens,S,2024,4.65,,35.0,110,,,71,203,Miami,False,3,99
kalen-king-cb-2024,Kalen King,CB,2024,4.61,,37.0,122,,4.16,71,191,Penn St.,False,7,255
jarrett-kingston-ol-2024,Jarrett Kingston,OL,2024,5.02,,31.5,111,7.53,4.47,76,306,USC,False,6,215
marshawn-kneeland-de-2024,Marshawn Kneeland,DE,2024,4.75,21,35.5,119,7.02,4.18,75,267,Western Michigan,False,2,56
tyrice-knight-lb-2024,Tyrice Knight,LB,2024,4.63,21,34.5,119,7.25,4.40,73,233,Texas-El Paso,False,4,118
trey-knox-te-2024,Trey Knox,TE,2024,,,32.5,121,7.09,4.54,75,240,South Carolina,False,,
kamari-lassiter-cb-2024,Kamari Lassiter,CB,2024,,,,,6.62,4.12,72,186,Georgia,False,2,42
brady-latham-ol-2024,Brady Latham,OL,2024,5.31,,29.0,110,7.57,4.47,77,304,Arkansas,False,,
jc-latham-ol-2024,JC Latham,OL,2024,,,,,,,78,342,Alabama,False,1,7
laiatu-latu-de-2024,Laiatu Latu,DE,2024,4.64,,32.0,116,,,77,259,UCLA,False,1,15
dylan-laube-rb-2024,Dylan Laube,RB,2024,4.54,23,37.0,118,6.84,4.02,70,206,New Hampshire,False,,
sataoa-laumea-ol-2024,Sataoa Laumea,OL,2024,,,26.0,104,,,76,319,Utah,False,6,179
devin-leary-qb-2024,Devin Leary,QB,2024,,,,,,,73,215,Kentucky,False,6,218
matt-lee-ol-2024,Matt Lee,OL,2024,5.03,,31.0,111,,,76,301,Miami,False,,
logan-lee-de-2024,Logan Lee,DE,2024,5.05,25,31.5,114,7.16,4.37,77,281,Iowa,False,6,178
xavier-legette-wr-2024,Xavier Legette,WR,2024,4.39,,40.0,126,,,73,221,South Carolina,False,1,32
kaitori-leveston-ol-2024,Kaitori Leveston,OL,2024,5.38,,27.5,108,,4.89,76,326,Kansas St.,False,,
beaux-limmer-ol-2024,Beaux Limmer,OL,2024,5.22,,36.5,110,7.47,4.57,77,302,Arkansas,False,6,217
marist-liufau-lb-2024,Marist Liufau,LB,2024,4.64,,,,,,74,234,Notre Dame,False,3,87
marshawn-lloyd-rb-2024,MarShawn Lloyd,RB,2024,4.46,25,36.0,118,,,69,220,USC,False,3,88
zion-logue-de-2024,Zion Logue,DE,2024,5.14,,29.0,109,,4.92,78,314,Georgia,False,6,197
jordan-magee-lb-2024,Jordan Magee,LB,2024,4.55,,35.5,124,,,73,228,Temple,False,5,139
christian-mahogany-ol-2024,Christian Mahogany,OL,2024,5.13,,32.5,109,7.81,4.53,75,314,Boston Col.,False,6,210
drake-maye-qb-2024,Drake Maye,QB,2024,,,,,,,76,223,North Carolina,False,1,3
luke-mccaffrey-wr-2024,Luke McCaffrey,WR,2024,4.46,,36.0,121,6.70,4.02,74,198,Rice,False,3,100
jj-mccarthy-qb-2024,J.J. McCarthy,QB,2024,,,,,6.82,4.23,75,219,Michigan,False,1,10
jase-mcclellan-rb-2024,Jase McClellan,RB,2024,,20,,,,,70,221,Alabama,False,6,186
ladd-mcconkey-wr-2024,Ladd McConkey,WR,2024,4.39,13,36.0,124,,,72,186,Georgia,False,2,34
mason-mccormick-ol-2024,Mason McCormick,OL,2024,5.08,,35.5,117,7.59,4.45,76,309,South Dakota St.,False,,
dwight-mcglothern-cb-2024,Dwight McGlothern,CB,2024,4.47,,32.0,115,,,74,185,Arkansas,False,,
braiden-mcgregor-de-2024,Braiden McGregor,DE,2024,,,,,,,77,257,Michigan,False,,
kool-aid-mckinstry-cb-2024,Kool-Aid McKinstry,CB,2024,,,,,,,72,199,Alabama,False,2,41
tanner-mclachlan-te-2024,Tanner McLachlan,TE,2024,4.61,,35.0,117,,,77,244,Arizona,False,6,194
dylan-mcmahon-ol-2024,Dylan McMahon,OL,2024,5.10,,33.0,115,7.26,4.33,75,299,North Carolina St.,False,6,190
jalen-mcmillan-wr-2024,Jalen McMillan,WR,2024,4.47,,37.0,127,6.94,4.18,73,197,Washington,False,3,92
patrick-mcmorris-s-2024,Patrick McMorris,S,2024,,14,31.0,112,,,72,207,California,False,,
bub-means-wr-2024,Bub Means,WR,2024,4.43,19,39.5,122,,,73,212,Pittsburgh,False,5,170
max-melton-cb-2024,Max Melton,CB,2024,4.39,,40.5,136,,,71,187,Rutgers,False,2,43
joe-milton-qb-2024,Joe Milton,QB,2024,,,35.0,121,,,77,235,Tennessee,False,6,193
kendall-milton-rb-2024,Kendall Milton,RB,2024,4.62,18,35.5,124,,4.38,74,225,Georgia,False,,
amarius-mims-ol-2024,Amarius Mims,OL,2024,5.07,,25.5,111,,,80,340,Georgia,False,1,18
adonai-mitchell-wr-2024,Adonai Mitchell,WR,2024,4.34,,39.5,136,,,74,205,Texas,False,2,52
quinyon-mitchell-cb-2024,Quinyon Mitchell,CB,2024,4.33,20,38.0,122,,,72,195,Toledo,False,1,22
jacob-monk-ol-2024,Jacob Monk,OL,2024,5.09,,29.5,108,,,75,308,Duke,False,5,163
jordan-morgan-ol-2024,Jordan Morgan,OL,2024,5.04,,28.0,110,,,77,311,Arizona,False,1,25
darius-muasau-lb-2024,Darius Muasau,LB,2024,4.70,,36.5,117,,,72,225,UCLA,False,6,183
gabriel-murphy-de-2024,Gabriel Murphy,DE,2024,4.68,25,39.5,123,,,74,247,UCLA,False,,
myles-murphy-de-2024,Myles Murphy,DE,2024,5.20,,28.5,106,,4.81,76,309,North Carolina,False,,
malik-mustapha-s-2024,Malik Mustapha,S,2024,,22,,,,,70,209,Wake Forest,False,4,124
malik-nabers-wr-2024,Malik Nabers,WR,2024,,,,,,,72,200,LSU,False,1,6
jerzhan-newton-de-2024,Jer'Zhan Newton,DE,2024,,,,,,,74,304,Illinois,False,2,36
josh-newton-cb-2024,Josh Newton,CB,2024,4.51,15,34.0,124,,4.15,71,190,TCU,False,5,149
bo-nix-qb-2024,Bo Nix,QB,2024,,,,,,,74,214,Oregon,False,1,12
maema-njongmeta-lb-2024,Maema Njongmeta,LB,2024,4.91,,,,,4.66,72,229,Wisconsin,False,,
hunter-nourzad-ol-2024,Hunter Nourzad,OL,2024,,,,,,,75,317,Penn St.,False,5,159
tyler-nubin-s-2024,Tyler Nubin,S,2024,,,,,,,73,199,Minnesota,False,2,47
drake-nugent-ol-2024,Drake Nugent,OL,2024,5.23,,29.5,101,7.33,4.50,74,298,Michigan,False,,
rome-odunze-wr-2024,Rome Odunze,WR,2024,4.45,,39.0,124,6.88,4.03,75,212,Washington,False,1,9
eyabi-okie-anoma-de-2024,Eyabi Okie-Anoma,DE,2024,,,,,,,77,260,Charlotte,False,,
olakitan-oladapo-s-2024,Olakitan Oladapo,S,2024,4.58,15,36.0,117,,,74,216,Oregon St.,False,,
ruke-orhorhoro-de-2024,Ruke Orhorhoro,DE,2024,4.89,29,32.0,116,,,76,294,Clemson,False,2,35
tyler-owens-s-2024,Tyler Owens,S,2024,,,41.0,146,,,74,216,Texas Tech,False,,
patrick-paul-ol-2024,Patrick Paul,OL,2024,5.13,,29.0,,7.65,,80,331,Houston,False,2,55
julian-pearl-ol-2024,Julian Pearl,OL,2024,,,,,,,78,312,Illinois,False,,
ricky-pearsall-wr-2024,Ricky Pearsall,WR,2024,4.41,17,42.0,129,6.64,4.05,73,189,Florida,False,1,31
andru-phillips-cb-2024,Andru Phillips,CB,2024,4.48,,42.0,135,,,71,190,Kentucky,False,3,70
prince-pines-ol-2024,Prince Pines,OL,2024,5.34,,30.0,,,,77,322,Tulane,False,,
jalynn-polk-wr-2024,Ja'Lynn Polk,WR,2024,4.52,,37.5,129,,,73,203,Washington,False,2,37
jackson-powers-johnson-ol-2024,Jackson Powers-Johnson,OL,2024,,,32.0,104,,,75,328,Oregon,False,2,44
sedrick-van-pran-granger-ol-2024,Sedrick Van Pran-Granger,OL,2024,5.20,,,,7.46,4.82,76,298,Georgia,False,,
michael-pratt-qb-2024,Michael Pratt,QB,2024,,,36.0,114,7.20,4.23,75,217,Tulane,False,7,245
deantre-prince-cb-2024,Deantre Prince,CB,2024,4.38,,34.5,125,,,72,183,Mississippi,False,5,153
nehemiah-pritchett-cb-2024,Nehemiah Pritchett,CB,2024,4.36,,34.5,,,,72,190,Auburn,False,5,136
josh-proctor-s-2024,Josh Proctor,S,2024,4.55,,32.5,121,,,74,199,Ohio St.,False,,
dominick-puni-ol-2024,Dominick Puni,OL,2024,5.35,,30.0,107,7.47,4.40,77,313,Kansas,False,3,86
keith-randolph-de-2024,Keith Randolph,DE,2024,5.15,,28.5,105,,,76,296,Illinois,False,,
spencer-rattler-qb-2024,Spencer Rattler,QB,2024,4.95,,32.0,108,7.21,4.37,72,211,South Carolina,False,5,150
andrew-raym-ol-2024,Andrew Raym,OL,2024,5.42,,24.5,95,,,76,314,Oklahoma,False,,
austin-reed-qb-2024,Austin Reed,QB,2024,4.82,,,,,,74,220,Western Kentucky,False,,
tip-reiman-te-2024,Tip Reiman,TE,2024,4.64,28,33.5,121,7.02,4.26,77,271,Illinois,False,3,82
brenden-rice-wr-2024,Brenden Rice,WR,2024,4.50,13,36.5,119,,,74,208,USC,False,7,225
decamerion-richardson-cb-2024,Decamerion Richardson,CB,2024,4.34,,35.0,128,,,74,188,Mississippi St.,False,4,112
demani-richardson-s-2024,Demani Richardson,S,2024,4.60,,31.0,116,,,73,210,Texas A&M,False,,
chop-robinson-de-2024,Chop Robinson,DE,2024,4.48,,34.5,128,,4.25,75,254,Penn St.,False,,
darius-robinson-de-2024,Darius Robinson,DE,2024,4.95,21,35.0,111,,,77,285,Missouri,False,1,27
keilan-robinson-rb-2024,Keilan Robinson,RB,2024,4.42,,33.0,125,,,68,191,Texas,False,5,167
layden-robinson-ol-2024,Layden Robinson,OL,2024,,,26.5,111,,,76,302,Texas A&M,False,4,103
tayvion-robinson-wr-2024,Tayvion Robinson,WR,2024,,,,,,,71,191,Kentucky,False,,
justin-rogers-de-2024,Justin Rogers,DE,2024,,21,24.5,99,,4.87,75,330,Auburn,False,7,244
christian-roland-wallace-cb-2024,Christian Roland-Wallace,CB,2024,,17,,,,,72,201,USC,False,,
marcus-rosemy-jacksaint-wr-2024,Marcus Rosemy-Jacksaint,WR,2024,,,35.0,119,,,73,195,Georgia,False,,
roger-rosengarten-ol-2024,Roger Rosengarten,OL,2024,4.92,,30.0,113,,4.60,77,308,Washington,False,2,62
walter-rouse-ol-2024,Walter Rouse,OL,2024,,,,,,,78,313,Oklahoma,False,6,177
mike-sainristil-cb-2024,Mike Sainristil,CB,2024,4.47,14,40.0,131,6.99,4.01,69,182,Michigan,False,2,50
andre-sam-s-2024,Andre' Sam,S,2024,4.59,,36.0,123,,,71,191,LSU,False,,
nick-samac-ol-2024,Nick Samac,OL,2024,,,,,,,76,307,Michigan St.,False,7,228
jatavion-sanders-te-2024,Ja'Tavion Sanders,TE,2024,4.69,,,,,4.32,76,245,Texas,False,4,101
cody-schrader-rb-2024,Cody Schrader,RB,2024,4.61,,33.0,,,,69,202,Missouri,False,,
will-shipley-rb-2024,Will Shipley,RB,2024,,,,,,,71,206,Clemson,False,4,127
jaden-shirden-rb-2024,Jaden Shirden,RB,2024,4.45,,34.5,117,,,68,187,Monmouth,False,,
jaylin-simpson-s-2024,Jaylin Simpson,S,2024,4.45,,39.5,133,,,72,179,Auburn,False,5,164
ben-sinnott-te-2024,Ben Sinnott,TE,2024,4.68,,40.0,126,6.82,4.23,76,250,Kansas St.,False,2,53
kedon-slovis-qb-2024,Kedon Slovis,QB,2024,4.55,,30.0,118,,,75,223,BYU,False,,
ainias-smith-wr-2024,Ainias Smith,WR,2024,,21,,,,,69,190,Texas A&M,False,5,152
maason-smith-de-2024,Maason Smith,DE,2024,5.01,,31.0,108,7.62,4.69,77,306,LSU,False,2,48
tykee-smith-s-2024,Tykee Smith,S,2024,4.46,,36.0,120,,,70,202,Georgia,False,3,89
chau-smith-wade-cb-2024,Chau Smith-Wade,CB,2024,4.54,18,34.5,125,7.05,4.32,70,184,Washington St.,False,5,157
javon-solomon-de-2024,Javon Solomon,DE,2024,4.72,23,37.0,119,,,73,246,Troy,False,5,168
brevyn-spann-ford-te-2024,Brevyn Spann-Ford,TE,2024,4.77,,31.5,116,7.38,,79,260,Minnesota,False,,
fabien-lovett-sr-de-2024,Fabien Lovett Sr.,DE,2024,,,,,,,76,314,Florida St.,False,,
tarheeb-still-cb-2024,Tarheeb Still,CB,2024,4.52,,38.0,120,,,72,189,Maryland,False,5,137
cade-stover-te-2024,Cade Stover,TE,2024,4.65,,34.5,117,,4.45,76,247,Ohio St.,False,4,123
kingsley-suamataia-ol-2024,Kingsley Suamataia,OL,2024,5.04,,28.0,110,,,77,326,BYU,False,2,63
jalen-sundell-ol-2024,Jalen Sundell,OL,2024,,,,,,,77,301,North Dakota St.,False,,
tvondre-sweat-de-2024,T'Vondre Sweat,DE,2024,5.27,,26.0,98,,,77,366,Texas,False,2,38
marques-tampa-cb-2024,Marques Tampa,CB,2024,,,,,,,73,189,Iowa St.,False,,
leonard-taylor-de-2024,Leonard Taylor,DE,2024,5.12,,30.0,109,7.81,,76,303,Miami,False,,
dadrion-taylor-demerson-s-2024,Dadrion Taylor-Demerson,S,2024,4.41,,38.0,123,,,70,197,Texas Tech,False,4,104
nathan-thomas-ol-2024,Nathan Thomas,OL,2024,5.19,,25.0,107,8.01,,77,332,Louisiana,False,,
brian-thomas-wr-2024,Brian Thomas,WR,2024,4.33,11,38.5,126,,,75,209,LSU,False,1,23
xavier-thomas-de-2024,Xavier Thomas,DE,2024,4.62,26,32.5,120,,,74,244,Clemson,False,5,138
jamari-thrash-wr-2024,Jamari Thrash,WR,2024,4.46,,34.0,120,7.16,,72,188,Louisville,False,5,156
ro-torrence-cb-2024,Ro Torrence,CB,2024,,,,,,,75,208,Arizona St.,False,,
jordan-travis-qb-2024,Jordan Travis,QB,2024,,,,,,,73,200,Florida St.,False,5,171
bralen-trice-de-2024,Bralen Trice,DE,2024,4.72,,,,,,76,245,Washington,False,3,74
zion-tupuola-fetui-de-2024,Zion Tupuola-Fetui,DE,2024,,,,,,,75,244,Washington,False,,
charles-turner-ol-2024,Charles Turner,OL,2024,,,31.0,109,7.88,4.62,76,303,LSU,False,,
dallas-turner-de-2024,Dallas Turner,DE,2024,4.46,,40.5,127,,,75,247,Alabama,False,1,17
david-ugwoegbu-de-2024,David Ugwoegbu,DE,2024,,21,31.5,,,,76,250,Houston,False,,
edefuan-ulofoshio-lb-2024,Edefuan Ulofoshio,LB,2024,4.56,,39.5,128,,,73,236,Washington,False,5,160
sione-vaki-s-2024,Sione Vaki,S,2024,4.62,20,39.5,125,,,71,210,Utah,False,4,132
devaughn-vele-wr-2024,Devaughn Vele,WR,2024,4.47,,36.0,126,,,76,203,Utah,False,7,235
jared-verse-de-2024,Jared Verse,DE,2024,4.58,31,35.0,127,7.31,4.44,76,254,Florida St.,False,1,19
kimani-vidal-rb-2024,Kimani Vidal,RB,2024,4.46,18,37.5,120,7.01,4.15,68,213,Troy,False,6,181
devontez-walker-wr-2024,Devontez Walker,WR,2024,4.36,,40.5,134,,,74,193,North Carolina,False,4,113
caedan-wallace-ol-2024,Caedan Wallace,OL,2024,5.15,,31.0,116,,,77,314,Penn St.,False,3,68
josh-wallace-cb-2024,Josh Wallace,CB,2024,,13,34.5,120,,4.35,71,185,Michigan,False,,
trevin-wallace-lb-2024,Trevin Wallace,LB,2024,4.51,,37.5,127,,,73,237,Kentucky,False,3,72
tahj-washington-wr-2024,Tahj Washington,WR,2024,,,35.0,122,,,70,174,USC,False,,
malik-washington-wr-2024,Malik Washington,WR,2024,4.47,19,42.5,126,,,69,191,Virginia,False,6,184
nathaniel-watson-lb-2024,Nathaniel Watson,LB,2024,4.63,,31.0,111,,,74,233,Mississippi St.,False,6,206
eric-watts-de-2024,Eric Watts,DE,2024,4.67,21,36.5,117,7.59,4.73,78,274,Connecticut,False,,
ryan-watts-cb-2024,Ryan Watts,CB,2024,4.53,,40.5,125,6.82,4.13,75,208,Texas,False,6,195
xavier-weaver-wr-2024,Xavier Weaver,WR,2024,,,,,,,72,169,Colorado,False,,
jack-westover-te-2024,Jack Westover,TE,2024,,,,,,,75,243,Washington,False,,
jordan-whittington-wr-2024,Jordan Whittington,WR,2024,,18,,,,,73,205,Texas,False,6,213
nate-wiggins-cb-2024,Nate Wiggins,CB,2024,4.28,,36.0,127,,,73,173,Clemson,False,1,30
jared-wiley-te-2024,Jared Wiley,TE,2024,4.62,,37.0,118,7.19,,78,249,TCU,False,4,131
michael-wiley-rb-2024,Michael Wiley,RB,2024,4.51,,33.5,119,,4.43,71,210,Arizona,False,,
caleb-williams-qb-2024,Caleb Williams,QB,2024,,,,,,,73,214,USC,False,1,1
evan-williams-s-2024,Evan Williams,S,2024,4.60,,40.5,126,,,71,200,Oregon,False,4,111
isaiah-williams-wr-2024,Isaiah Williams,WR,2024,4.63,17,38.0,123,6.75,,69,182,Illinois,False,,
james-williams-s-2024,James Williams,S,2024,4.65,,30.0,117,,,76,231,Miami,False,7,242
miyan-williams-rb-2024,Miyan Williams,RB,2024,,,,,,,69,229,Ohio St.,False,,
johnny-wilson-wr-2024,Johnny Wilson,WR,2024,4.52,,37.0,128,,4.11,78,231,Florida St.,False,6,185
payton-wilson-lb-2024,Payton Wilson,LB,2024,4.43,,34.5,119,,,76,233,North Carolina St.,False,3,98
roman-wilson-wr-2024,Roman Wilson,WR,2024,4.39,12,,,,,71,185,Michigan,False,3,84
mekhi-wingo-de-2024,Mekhi Wingo,DE,2024,4.85,25,31.5,109,,,72,284,LSU,False,6,189
xavier-worthy-wr-2024,Xavier Worthy,WR,2024,4.21,,41.0,131,,,71,165,Texas,False,1,28
jaylen-wright-rb-2024,Jaylen Wright,RB,2024,4.38,,38.0,134,,,71,210,Tennessee,False,4,120
zak-zinter-ol-2024,Zak Zinter,OL,2024,,,,,,,78,309,Michigan,False,3,85
bj-adams-cb-2025,BJ Adams,CB,2025,4.53,,32.5,117,,,74,182,Central Florida,False,,
tommy-akingbesote-de-2025,Tommy Akingbesote,DE,2025,5.09,,28.0,103,,,76,306,Maryland,False,7,247
darius-alexander-de-2025,Darius Alexander,DE,2025,4.95,28,31.5,111,7.60,4.79,76,305,Toledo,False,3,65
zy-alexander-cb-2025,Zy Alexander,CB,2025,4.56,,31.5,116,,,73,187,LSU,False,,
lequint-allen-rb-2025,LeQuint Allen,RB,2025,,,35.0,120,,,72,204,Syracuse,False,7,236
trey-amos-cb-2025,Trey Amos,CB,2025,4.43,13,32.5,126,,,73,195,Mississippi,False,2,61
andrew-armstrong-wr-2025,Andrew Armstrong,WR,2025,4.51,11,37.5,124,6.97,4.18,76,202,Arkansas,False,,
elijah-arroyo-te-2025,Elijah Arroyo,TE,2025,,22,,,,,77,250,Miami,False,2,50
eugene-asante-lb-2025,Eugene Asante,LB,2025,4.48,21,,,,,73,223,Auburn,False,,
elic-ayomanor-wr-2025,Elic Ayomanor,WR,2025,4.44,,38.5,127,,,74,206,Stanford,False,4,136
elijhah-badger-wr-2025,Elijhah Badger,WR,2025,4.43,,35.5,,,,73,200,Florida,False,,
tyler-baron-de-2025,Tyler Baron,DE,2025,4.62,19,35.5,121,,,77,258,Miami,False,5,176
jahdae-barron-cb-2025,Jahdae Barron,CB,2025,4.39,,35.0,123,,,71,194,Texas,False,1,20
gavin-bartholomew-te-2025,Gavin Bartholomew,TE,2025,4.70,,,,,,77,246,Pittsburgh,False,6,202
jeffrey-bassa-lb-2025,Jeffrey Bassa,LB,2025,4.63,21,38.5,118,7.34,,73,232,Oregon,False,5,156
tyler-batty-de-2025,Tyler Batty,DE,2025,4.78,27,34.0,120,7.21,4.54,78,271,BYU,False,,
jack-bech-wr-2025,Jack Bech,WR,2025,,19,34.5,125,6.84,4.21,73,214,TCU,False,2,58
anthony-belton-ol-2025,Anthony Belton,OL,2025,5.26,,29.5,107,7.77,,78,336,North Carolina St.,False,2,54
zeek-biggers-de-2025,Zeek Biggers,DE,2025,5.14,,34.5,111,,,78,321,Georgia Tech,False,,
yahya-black-de-2025,Yahya Black,DE,2025,5.39,,25.5,101,7.63,4.72,78,336,Iowa,False,5,164
jaydon-blue-rb-2025,Jaydon Blue,RB,2025,4.38,,,,,,69,196,Texas,False,,
isaiah-bond-wr-2025,Isaiah Bond,WR,2025,4.39,,,,,,71,180,Texas,False,,
tyler-booker-ol-2025,Tyler Booker,OL,2025,5.38,,27.0,94,7.96,4.84,77,321,Alabama,False,1,12
jake-briningstool-te-2025,Jake Briningstool,TE,2025,4.75,,31.0,115,,,78,241,Clemson,False,,
warren-brinson-de-2025,Warren Brinson,DE,2025,5.09,,31.0,115,,,77,315,Georgia,False,,
jacorey-brooks-wr-2025,Ja'Corey Brooks,WR,2025,,,,,,,74,184,Louisville,False,,
tahj-brooks-rb-2025,Tahj Brooks,RB,2025,4.52,16,35.0,120,6.90,4.06,69,214,Texas Tech,False,6,193
max-brosmer-qb-2025,Max Brosmer,QB,2025,,,,,,,74,217,Minnesota,False,,
vernon-broughton-de-2025,Vernon Broughton,DE,2025,,,,,,,77,311,Texas,False,3,71
logan-brown-ol-2025,Logan Brown,OL,2025,5.18,,32.0,111,7.75,4.51,78,311,Kansas,False,,
carson-bruener-lb-2025,Carson Bruener,LB,2025,4.58,,33.5,119,,,73,227,Washington,False,,
jacobee-bryant-cb-2025,Jacobee Bryant,CB,2025,4.53,,,,,,72,180,Kansas,False,,
pat-bryant-wr-2025,Pat Bryant,WR,2025,4.61,,37.5,124,,,74,204,Illinois,False,3,74
teddye-buchanan-lb-2025,Teddye Buchanan,LB,2025,4.60,26,40.0,125,,,74,233,California,False,4,129
jordan-burch-de-2025,Jordan Burch,DE,2025,4.67,,,,,,76,279,Oregon,False,3,78
denzel-burke-cb-2025,Denzel Burke,CB,2025,4.48,,,,,,71,186,Ohio St.,False,5,174
jamaree-caldwell-de-2025,Jamaree Caldwell,DE,2025,5.16,,27.0,,,,74,332,Oregon,False,3,86
jihaad-campbell-lb-2025,Jihaad Campbell,LB,2025,4.52,,,127,,,75,235,Alabama,False,1,31
will-campbell-ol-2025,Will Campbell,OL,2025,4.98,,32.0,113,,,78,319,LSU,False,1,4
abdul-carter-de-2025,Abdul Carter,DE,2025,,,,,,,75,250,Penn St.,False,1,3
barrett-carter-lb-2025,Barrett Carter,LB,2025,,,34.5,116,,4.41,72,231,Clemson,False,4,119
sebastian-castro-s-2025,Sebastian Castro,S,2025,4.59,,30.5,117,,4.34,71,203,Iowa,False,,
alijah-clark-s-2025,Alijah Clark,S,2025,4.50,,33.0,122,,,73,188,Syracuse,False,,
connor-colby-ol-2025,Connor Colby,OL,2025,5.11,,28.5,110,7.78,4.63,78,309,Iowa,False,7,249
alfred-collins-de-2025,Alfred Collins,DE,2025,,,26.0,96,,,78,332,Texas,False,2,43
beaux-collins-wr-2025,Beaux Collins,WR,2025,,,,,,,75,201,Notre Dame,False,,
joshua-conerly-ol-2025,Joshua Conerly,OL,2025,5.05,,34.5,103,,,77,311,Oregon,False,1,29
hayden-conner-ol-2025,Hayden Conner,OL,2025,,,,,7.90,4.88,78,314,Texas,False,6,211
jalin-conyers-te-2025,Jalin Conyers,TE,2025,4.74,,35.5,121,6.94,4.27,76,260,Texas Tech,False,,
brady-cook-qb-2025,Brady Cook,QB,2025,4.59,,37.0,128,7.01,4.17,74,214,Missouri,False,,
ajani-cornelius-ol-2025,Ajani Cornelius,OL,2025,,,,,,,77,310,Oregon,False,6,204
eli-cox-ol-2025,Eli Cox,OL,2025,5.02,,32.5,109,7.63,4.58,76,306,Kentucky,False,,
kitan-crawford-s-2025,Kitan Crawford,S,2025,4.41,18,41.5,128,6.81,4.03,71,202,Nevada,False,,
brandon-crenshaw-dickson-ol-2025,Brandon Crenshaw-Dickson,OL,2025,5.33,,24.5,96,8.15,4.91,79,316,Florida,False,,
jaxson-dart-qb-2025,Jaxson Dart,QB,2025,,,,,,,74,223,Mississippi,False,1,25
garrett-dellinger-ol-2025,Garrett Dellinger,OL,2025,,,,,,,76,325,LSU,False,7,243
fadil-diggs-de-2025,Fadil Diggs,DE,2025,4.57,,30.5,121,,,76,257,Syracuse,False,7,254
chimere-dike-wr-2025,Chimere Dike,WR,2025,4.34,,38.5,128,6.82,4.27,73,196,Florida,False,4,103
cj-dippre-te-2025,CJ Dippre,TE,2025,4.69,32,34.5,120,,,77,256,Alabama,False,,
ramello-dotson-cb-2025,Ra'Mello Dotson,CB,2025,4.59,,34.5,123,,,73,192,Kansas,False,,
ethan-downs-de-2025,Ethan Downs,DE,2025,4.69,32,34.0,119,7.58,4.59,76,269,Oklahoma,False,,
jamon-dumas-johnson-lb-2025,Jamon Dumas-Johnson,LB,2025,,,,,,,73,238,Kentucky,False,,
power-echols-lb-2025,Power Echols,LB,2025,4.73,,37.0,115,7.60,4.56,71,237,North Carolina,False,,
donovan-edwards-rb-2025,Donovan Edwards,RB,2025,4.44,23,38.5,,,,71,205,Michigan,False,,
emeka-egbuka-wr-2025,Emeka Egbuka,WR,2025,,,,,,,73,202,Ohio St.,False,1,19
nick-emmanwori-s-2025,Nick Emmanwori,S,2025,4.38,20,43.0,138,,,75,220,South Carolina,False,2,35
aireontae-ersery-ol-2025,Aireontae Ersery,OL,2025,5.01,,29.5,111,7.81,4.82,78,331,Minnesota,False,2,48
trevor-etienne-rb-2025,Trevor Etienne,RB,2025,4.42,15,35.0,124,,,69,198,Georgia,False,4,114
mitchell-evans-te-2025,Mitchell Evans,TE,2025,4.74,,31.0,115,7.25,4.40,77,258,Notre Dame,False,5,163
quinn-ewers-qb-2025,Quinn Ewers,QB,2025,,,,,,,74,214,Texas,False,7,231
donovan-ezeiruaku-de-2025,Donovan Ezeiruaku,DE,2025,,22,35.5,119,6.94,4.19,75,248,Boston Col.,False,2,44
dylan-fairchild-ol-2025,Dylan Fairchild,OL,2025,,,27.5,111,,,77,318,Georgia,False,3,81
joshua-farmer-de-2025,Joshua Farmer,DE,2025,5.11,26,29.0,112,,,75,305,Florida St.,False,4,137
daquan-felton-wr-2025,Da'Quan Felton,WR,2025,4.50,16,32.5,122,7.10,4.30,77,213,Virginia Tech,False,,
tai-felton-wr-2025,Tai Felton,WR,2025,4.37,,39.5,130,,,73,183,Maryland,False,3,102
terrance-ferguson-te-2025,Terrance Ferguson,TE,2025,4.63,,39.0,122,,,77,247,Oregon,False,2,46
odonnell-fortune-cb-2025,O'Donnell Fortune,CB,2025,,,32.5,117,,,73,185,South Carolina,False,,
zah-frazier-cb-2025,Zah Frazier,CB,2025,4.36,,36.5,126,7.00,4.26,75,186,Texas-San Antonio,False,,
miles-frazier-ol-2025,Miles Frazier,OL,2025,5.24,,31.0,108,,,78,317,LSU,False,5,171
dillon-gabriel-qb-2025,Dillon Gabriel,QB,2025,,,,,,,71,205,Oregon,False,3,94
jacolby-george-wr-2025,Jacolby George,WR,2025,,,32.5,120,6.77,,71,172,Miami,False,,
dj-giddens-rb-2025,DJ Giddens,RB,2025,4.43,,39.5,130,,4.33,72,212,Kansas St.,False,5,151
ashton-gillotte-de-2025,Ashton Gillotte,DE,2025,,24,36.5,120,,,75,264,Louisville,False,3,66
matthew-golden-wr-2025,Matthew Golden,WR,2025,4.29,,,,,,71,191,Texas,False,1,23
mason-graham-de-2025,Mason Graham,DE,2025,,24,,,,,76,296,Michigan,False,1,5
charles-grant-ol-2025,Charles Grant,OL,2025,,,,,,,77,311,William & Mary,False,3,99
kenneth-grant-de-2025,Kenneth Grant,DE,2025,,22,,,,,76,331,Michigan,False,1,13
joshua-gray-ol-2025,Joshua Gray,OL,2025,5.04,,31.0,104,,,77,299,Oregon St.,False,,
mike-green-de-2025,Mike Green,DE,2025,,28,,,,,75,251,Marshall,False,2,59
eric-gregory-de-2025,Eric Gregory,DE,2025,5.14,28,27.0,108,7.68,4.97,75,319,Arkansas,False,,
maxwell-hairston-cb-2025,Maxwell Hairston,CB,2025,4.28,,39.5,129,,,71,183,Kentucky,False,1,30
ty-hamilton-de-2025,Ty Hamilton,DE,2025,,,,,,,75,299,Ohio St.,False,5,148
omarion-hampton-rb-2025,Omarion Hampton,RB,2025,4.46,18,38.0,130,,4.40,72,221,North Carolina,False,1,22
jordan-hancock-cb-2025,Jordan Hancock,CB,2025,,,,,,,72,195,Ohio St.,False,5,170
derrick-harmon-de-2025,Derrick Harmon,DE,2025,4.95,,,,,,77,313,Oregon,False,1,21
marcus-harris-cb-2025,Marcus Harris,CB,2025,4.45,,,,,,71,189,California,False,,
jermari-harris-cb-2025,Jermari Harris,CB,2025,,,37.0,120,,,73,191,Iowa,False,,
cleveland-harris-wr-2025,Cleveland Harris,WR,2025,4.54,,38.5,125,,,74,205,Mississippi,False,2,55
jared-harrison-hunte-de-2025,Jared Harrison-Hunte,DE,2025,4.86,,32.0,111,,,75,290,SMU,False,,
rj-harvey-rb-2025,RJ Harvey,RB,2025,4.40,16,38.0,127,,4.34,68,205,Central Florida,False,2,60
ahmed-hassanein-de-2025,Ahmed Hassanein,DE,2025,4.77,27,32.5,113,,,74,267,Boise St.,False,6,196
jackson-hawes-te-2025,Jackson Hawes,TE,2025,4.82,16,34.5,121,,4.40,77,253,Georgia Tech,False,5,173
gunnar-helm-te-2025,Gunnar Helm,TE,2025,4.84,,30.0,,7.15,4.40,77,241,Texas,False,4,120
tonka-hemingway-de-2025,Tonka Hemingway,DE,2025,,,32.0,112,7.36,4.48,75,284,South Carolina,False,4,135
treveyon-henderson-rb-2025,TreVeyon Henderson,RB,2025,4.43,,38.5,128,,,70,202,Ohio St.,False,2,38
seth-henigan-qb-2025,Seth Henigan,QB,2025,4.76,,31.5,114,7.34,4.44,75,215,Memphis,False,,
jayden-higgins-wr-2025,Jayden Higgins,WR,2025,4.47,,39.0,128,,,76,214,Iowa St.,False,2,34
jay-higgins-lb-2025,Jay Higgins,LB,2025,4.82,,33.0,110,7.01,4.35,72,224,Iowa,False,,
tommi-hill-cb-2025,Tommi Hill,CB,2025,,,,,,,73,213,Nebraska,False,,
myles-hinton-ol-2025,Myles Hinton,OL,2025,,,31.5,,,4.96,79,323,Michigan,False,6,191
traeshon-holden-wr-2025,Traeshon Holden,WR,2025,4.57,,32.0,123,,,74,205,Oregon,False,,
maxen-hook-s-2025,Maxen Hook,S,2025,4.55,,34.5,124,,,73,202,Toledo,False,,
cam-horsley-de-2025,Cam Horsley,DE,2025,,,31.5,108,,,75,312,Boston Col.,False,,
tory-horton-wr-2025,Tory Horton,WR,2025,4.41,,37.5,,,,75,196,Colorado St.,False,5,166
will-howard-qb-2025,Will Howard,QB,2025,,,31.5,112,7.13,4.33,76,236,Ohio St.,False,6,185
joe-huber-ol-2025,Joe Huber,OL,2025,5.20,,28.0,106,7.69,4.78,77,310,Wisconsin,False,,
kobe-hudson-wr-2025,Kobe Hudson,WR,2025,4.57,,35.0,122,,,73,193,Central Florida,False,,
jarquez-hunter-rb-2025,Jarquez Hunter,RB,2025,4.44,21,33.5,120,,,69,204,Auburn,False,4,117
alijah-huzzie-cb-2025,Alijah Huzzie,CB,2025,,,,,,,70,193,North Carolina,False,,
thomas-fidone-ii-te-2025,Thomas Fidone II,TE,2025,4.70,,35.5,126,7.01,4.29,77,243,Nebraska,False,,
oronde-gadsden-ii-te-2025,Oronde Gadsden II,TE,2025,,,34.0,114,,,77,243,Syracuse,False,5,165
ollie-gordon-ii-rb-2025,Ollie Gordon II,RB,2025,4.61,,34.5,120,,,73,226,Oklahoma St.,False,6,179
torricelli-simpkins-iii-ol-2025,Torricelli Simpkins III,OL,2025,5.45,,29.0,110,,,77,312,South Carolina,False,,
luther-burden-iii-wr-2025,Luther Burden III,WR,2025,4.41,,,,,,72,206,Missouri,False,2,39
howard-cross-iii-de-2025,Howard Cross III,DE,2025,,,29.0,104,,,73,285,Notre Dame,False,,
rayuan-lane-iii-s-2025,Rayuan Lane III,S,2025,4.57,,37.0,128,7.10,4.28,71,200,Navy,False,6,200
ricky-white-iii-wr-2025,Ricky White III,WR,2025,4.61,,36.0,123,,,73,184,UNLV,False,7,238
tyrion-ingram-dawkins-de-2025,Tyrion Ingram-Dawkins,DE,2025,4.86,,36.0,124,7.28,4.34,77,276,Georgia,False,5,139
ulysses-bentley-iv-rb-2025,Ulysses Bentley IV,RB,2025,4.62,,32.5,117,,,70,201,Mississippi,False,,
jared-ivey-de-2025,Jared Ivey,DE,2025,,,,,,,78,274,Mississippi,False,,
cam-jackson-de-2025,Cam Jackson,DE,2025,5.17,,24.5,93,,,78,328,Florida,False,5,140
daniel-jackson-wr-2025,Daniel Jackson,WR,2025,,,,,6.78,4.07,71,193,Minnesota,False,,
donovan-jackson-ol-2025,Donovan Jackson,OL,2025,,,,,,,76,315,Ohio St.,False,1,24
jaquinden-jackson-rb-2025,Ja'Quinden Jackson,RB,2025,,,32.0,119,7.19,4.36,74,229,Arkansas,False,,
landon-jackson-de-2025,Landon Jackson,DE,2025,4.68,,40.5,129,,,78,264,Arkansas,False,3,72
jordan-james-rb-2025,Jordan James,RB,2025,4.55,,,117,,,70,205,Oregon,False,5,147
shemar-james-lb-2025,Shemar James,LB,2025,4.69,,32.0,117,7.09,4.27,73,222,Florida,False,5,152
ashton-jeanty-rb-2025,Ashton Jeanty,RB,2025,,,,,,,69,211,Boise St.,False,1,6
kaleb-johnson-rb-2025,Kaleb Johnson,RB,2025,4.57,,,,,,73,224,Iowa,False,3,83
tez-johnson-wr-2025,Tez Johnson,WR,2025,4.51,,37.0,131,6.65,4.15,70,154,Oregon,False,7,235
will-johnson-cb-2025,Will Johnson,CB,2025,,,,,,,74,194,Michigan,False,2,47
emery-jones-ol-2025,Emery Jones,OL,2025,,,,,,,77,315,LSU,False,3,91
saivion-jones-de-2025,Sai'vion Jones,DE,2025,,19,33.0,119,,,77,280,LSU,False,3,101
jah-joyner-de-2025,Jah Joyner,DE,2025,4.60,,30.0,,7.33,4.68,76,262,Minnesota,False,,
kelvin-banks-jr-ol-2025,Kelvin Banks Jr.,OL,2025,5.16,,32.0,104,7.81,4.66,77,315,Texas,False,1,9
billy-bowman-jr-s-2025,Billy Bowman Jr.,S,2025,4.42,17,35.5,123,,,70,192,Oklahoma,False,4,118
sam-brown-jr-wr-2025,Sam Brown Jr.,WR,2025,4.44,,41.5,,,,74,200,Miami,False,,
harold-fannin-jr-te-2025,Harold Fannin Jr.,TE,2025,4.71,22,34.0,118,6.97,4.39,75,241,Bowling Green,False,3,67
jimmy-horn-jr-wr-2025,Jimmy Horn Jr.,WR,2025,4.46,,38.0,128,,4.41,68,174,Colorado,False,6,208
montrell-johnson-jr-rb-2025,Montrell Johnson Jr.,RB,2025,4.41,,35.5,123,,4.29,71,212,Florida,False,,
demetrius-knight-jr-lb-2025,Demetrius Knight Jr.,LB,2025,4.58,22,31.5,118,7.12,4.25,74,235,South Carolina,False,2,49
jason-marshall-jr-cb-2025,Jason Marshall Jr.,CB,2025,4.49,,37.5,125,,,72,194,Florida,False,5,150
chris-paul-jr-lb-2025,Chris Paul Jr.,LB,2025,4.63,,36.0,117,,,73,222,Mississippi,False,5,172
james-pearce-jr-de-2025,James Pearce Jr.,DE,2025,4.47,,31.0,123,,,77,245,Tennessee,False,1,26
shavon-revel-jr-cb-2025,Shavon Revel Jr.,CB,2025,,,,,,,74,194,East Carolina,False,3,76
donte-thornton-jr-wr-2025,Dont'e Thornton Jr.,WR,2025,4.30,,33.0,126,,,77,205,Tennessee,False,4,108
dante-trader-jr-s-2025,Dante Trader Jr.,S,2025,,12,31.0,117,7.09,4.32,71,196,Maryland,False,5,155
antwane-wells-jr-wr-2025,Antwane Wells Jr.,WR,2025,4.58,,34.0,124,,,73,201,Mississippi,False,,
kevin-winston-jr-s-2025,Kevin Winston Jr.,S,2025,,,,,,,74,215,Penn St.,False,3,82
quinshon-judkins-rb-2025,Quinshon Judkins,RB,2025,4.48,,38.5,132,,,72,221,Ohio St.,False,2,36
deandre-jules-de-2025,DeAndre Jules,DE,2025,,,,,,,76,316,South Carolina,False,,
luke-kandra-ol-2025,Luke Kandra,OL,2025,,,,,,,77,319,Cincinnati,False,,
josh-kelly-wr-2025,Josh Kelly,WR,2025,4.70,,33.0,121,7.02,,73,186,Texas Tech,False,,
drew-kendall-ol-2025,Drew Kendall,OL,2025,5.05,,,,7.56,4.51,76,308,Boston Col.,False,5,168
kyle-kennard-de-2025,Kyle Kennard,DE,2025,4.73,23,,,,,76,254,South Carolina,False,4,125
corey-kiner-rb-2025,Corey Kiner,RB,2025,4.57,19,,,,,69,209,Cincinnati,False,,
kobe-king-lb-2025,Kobe King,LB,2025,,,,,,,73,236,Penn St.,False,6,201
jack-kiser-lb-2025,Jack Kiser,LB,2025,,,,,,,74,231,Notre Dame,False,4,107
bilhal-kone-cb-2025,Bilhal Kone,CB,2025,4.43,,31.5,124,,,73,190,Western Michigan,False,6,178
brant-kuithe-te-2025,Brant Kuithe,TE,2025,,,,,,,74,236,Utah,False,,
luke-lachey-te-2025,Luke Lachey,TE,2025,,,35.0,120,7.18,4.47,78,251,Iowa,False,7,255
keandre-lambert-smith-wr-2025,KeAndre Lambert-Smith,WR,2025,4.37,,34.5,124,,,73,190,Auburn,False,5,158
joshua-lane-wr-2025,Joshua Lane,WR,2025,4.34,14,40.0,132,6.75,4.12,70,191,Virginia Tech,False,4,128
riley-leonard-qb-2025,Riley Leonard,QB,2025,,,,,,,76,216,Notre Dame,False,6,189
cody-lindenberg-lb-2025,Cody Lindenberg,LB,2025,,,,,,,74,236,Minnesota,False,7,222
steve-linton-de-2025,Steve Linton,DE,2025,,21,32.5,124,7.25,,76,242,Baylor,False,,
robert-longerbeam-cb-2025,Robert Longerbeam,CB,2025,4.39,,36.5,134,,,71,175,Rutgers,False,,
colston-loveland-te-2025,Colston Loveland,TE,2025,,,,,,,78,248,Michigan,False,1,10
dominic-lovett-wr-2025,Dominic Lovett,WR,2025,4.40,,33.5,120,,4.27,70,185,Georgia,False,7,244
chase-lundt-ol-2025,Chase Lundt,OL,2025,,,,,,,80,304,Connecticut,False,6,206
phil-mafah-rb-2025,Phil Mafah,RB,2025,,,,,,,73,234,Clemson,False,7,239
jake-majors-ol-2025,Jake Majors,OL,2025,,,,,,,75,306,Texas,False,,
woody-marks-rb-2025,Woody Marks,RB,2025,4.54,18,35.0,119,,4.24,70,207,USC,False,,
nickolas-martin-lb-2025,Nickolas Martin,LB,2025,4.53,26,38.0,123,,,72,221,Oklahoma St.,False,3,75
sean-martin-de-2025,Sean Martin,DE,2025,4.88,28,28.5,112,7.38,,78,293,West Virginia,False,,
bam-martin-scott-lb-2025,Bam Martin-Scott,LB,2025,4.63,,33.5,122,7.26,4.53,74,231,South Carolina,False,,
damien-martinez-rb-2025,Damien Martinez,RB,2025,4.51,,35.0,124,,,72,217,Miami,False,7,223
moliki-matavao-te-2025,Moliki Matavao,TE,2025,4.81,,32.5,114,,,78,260,UCLA,False,7,248
francisco-mauigoa-lb-2025,Francisco Mauigoa,LB,2025,4.60,,35.0,121,7.15,4.24,74,233,Miami,False,5,162
marcus-mbow-ol-2025,Marcus Mbow,OL,2025,,,,,,4.67,76,303,Purdue,False,5,154
kyle-mccord-qb-2025,Kyle McCord,QB,2025,,,,,,,75,218,Syracuse,False,6,181
bru-mccoy-wr-2025,Bru McCoy,WR,2025,,,,,,,75,209,Tennessee,False,,
seth-mclaughlin-ol-2025,Seth McLaughlin,OL,2025,,,,,,,76,304,Ohio St.,False,,
jalen-mcleod-lb-2025,Jalen McLeod,LB,2025,,,,,,,74,241,Auburn,False,,
tetairoa-mcmillan-wr-2025,Tetairoa McMillan,WR,2025,,,,,,,76,219,Arizona,False,1,8
decarrion-mcwilliams-cb-2025,Decarrion McWilliams,CB,2025,4.41,,34.0,,,,70,191,Central Florida,False,5,145
kain-medrano-lb-2025,Kain Medrano,LB,2025,4.46,,38.0,125,,,75,222,UCLA,False,,
armand-membou-ol-2025,Armand Membou,OL,2025,4.91,,34.0,115,,,76,332,Missouri,False,1,7
graham-mertz-qb-2025,Graham Mertz,QB,2025,,,,,,,75,212,Florida,False,6,197
rj-mickens-s-2025,R.J. Mickens,S,2025,4.49,,41.5,121,,,72,199,Clemson,False,6,214
rylie-mills-de-2025,Rylie Mills,DE,2025,,,,,,,77,291,Notre Dame,False,,
jalen-milroe-qb-2025,Jalen Milroe,QB,2025,,,,,,,74,217,Alabama,False,3,92
wyatt-milum-ol-2025,Wyatt Milum,OL,2025,5.27,,30.0,108,,4.69,79,313,West Virginia,False,3,89
kyle-monangai-rb-2025,Kyle Monangai,RB,2025,4.60,,34.5,117,,,68,211,Rutgers,False,7,233
smael-mondon-lb-2025,Smael Mondon,LB,2025,4.58,,,130,,,74,224,Georgia,False,5,161
jonah-monheim-ol-2025,Jonah Monheim,OL,2025,,,,,,,76,302,USC,False,7,221
malachi-moore-s-2025,Malachi Moore,S,2025,,,,,,,71,196,Alabama,False,4,130
benjamin-morrison-cb-2025,Benjamin Morrison,CB,2025,,,,,,,72,193,Notre Dame,False,2,53
jabbar-muhammad-cb-2025,Jabbar Muhammad,CB,2025,,13,29.5,,7.01,4.19,69,182,Oregon,False,,
andrew-mukuba-s-2025,Andrew Mukuba,S,2025,4.45,,,,,,71,186,Texas,False,2,64
kalel-mullings-rb-2025,Kalel Mullings,RB,2025,,,,,,,74,226,Michigan,False,6,188
konata-mumpfield-wr-2025,Konata Mumpfield,WR,2025,4.59,,36.0,124,,,71,186,Pittsburgh,False,7,242
nick-nash-wr-2025,Nick Nash,WR,2025,4.57,,34.0,123,,,75,203,San Jose St.,False,,
devin-neal-rb-2025,Devin Neal,RB,2025,4.58,,37.5,124,,,71,213,Kansas,False,6,184
jack-nelson-ol-2025,Jack Nelson,OL,2025,,,,,,,79,314,Wisconsin,False,7,218
bryson-nesbit-te-2025,Bryson Nesbit,TE,2025,4.88,,32.5,112,,,77,238,North Carolina,False,,
isaiah-neyor-wr-2025,Isaiah Neyor,WR,2025,4.40,,38.0,133,,,76,218,Nebraska,False,,
jaylin-noel-wr-2025,Jaylin Noel,WR,2025,4.39,23,41.5,134,6.82,4.17,70,194,Iowa St.,False,3,79
walter-nolen-de-2025,Walter Nolen,DE,2025,,,,,,,76,296,Mississippi,False,1,16
omarr-norman-lott-de-2025,Omarr Norman-Lott,DE,2025,,,31.5,113,,,74,291,Tennessee,False,2,63
oluwafemi-oladejo-de-2025,Oluwafemi Oladejo,DE,2025,,20,36.5,120,,,75,259,UCLA,False,2,52
collin-oliver-de-2025,Collin Oliver,DE,2025,4.56,,39.0,126,,,74,240,Oklahoma St.,False,5,159
robbie-ouzts-te-2025,Robbie Ouzts,TE,2025,4.91,26,34.0,119,7.34,4.45,75,274,Alabama,False,5,175
payton-page-de-2025,Payton Page,DE,2025,,,33.0,116,,,75,290,Clemson,False,,
jacob-parrish-cb-2025,Jacob Parrish,CB,2025,4.35,12,37.5,129,,,70,191,Kansas St.,False,3,84
aeneas-peebles-de-2025,Aeneas Peebles,DE,2025,4.94,,32.5,109,,4.70,73,282,Virginia Tech,False,6,210
jj-pegues-de-2025,JJ Pegues,DE,2025,5.15,,27.5,,,,75,309,Mississippi,False,6,180
jordan-phillips-de-2025,Jordan Phillips,DE,2025,,29,31.0,108,8.19,4.65,74,312,Maryland,False,,
hollin-pierce-ol-2025,Hollin Pierce,OL,2025,,,,,,,80,341,Rutgers,False,,
darien-porter-cb-2025,Darien Porter,CB,2025,4.30,,36.5,131,6.71,4.04,75,195,Iowa St.,False,3,68
tyreem-powell-lb-2025,Tyreem Powell,LB,2025,,,,,,,77,239,Rutgers,False,,
antwaun-powell-ryland-de-2025,Antwaun Powell-Ryland,DE,2025,4.69,,36.5,124,,,75,258,Virginia Tech,False,6,209
kaden-prather-wr-2025,Kaden Prather,WR,2025,4.46,,30.0,114,,,76,204,Maryland,False,7,240
caleb-ransaw-cb-2025,Caleb Ransaw,CB,2025,4.33,16,40.0,129,,,71,197,Tulane,False,3,88
lathan-ransom-s-2025,Lathan Ransom,S,2025,,,,,,,72,206,Ohio St.,False,4,122
tate-ratledge-ol-2025,Tate Ratledge,OL,2025,4.97,,32.0,113,7.38,,79,308,Georgia,False,2,57
jaylen-reed-s-2025,Jaylen Reed,S,2025,4.49,19,33.5,,,,72,211,Penn St.,False,6,187
karene-reid-lb-2025,Karene Reid,LB,2025,,,,,,,72,231,Utah,False,,
xavier-restrepo-wr-2025,Xavier Restrepo,WR,2025,,17,,,,,70,209,Miami,False,,
quincy-riley-cb-2025,Quincy Riley,CB,2025,4.48,,,,,,71,194,Louisville,False,4,131
jahvaree-ritzie-de-2025,Jahvaree Ritzie,DE,2025,,26,35.5,114,,,76,294,North Carolina,False,,
jalen-rivers-ol-2025,Jalen Rivers,OL,2025,5.29,,,108,,,78,319,Miami,False,5,153
elijah-roberts-de-2025,Elijah Roberts,DE,2025,4.78,,31.5,116,,,76,285,SMU,False,5,157
que-robinson-de-2025,Que Robinson,DE,2025,,,,,,,76,243,Alabama,False,4,134
ty-robinson-de-2025,Ty Robinson,DE,2025,4.83,28,33.5,119,7.58,4.50,77,288,Nebraska,False,4,111
caleb-rogers-ol-2025,Caleb Rogers,OL,2025,5.10,,34.0,111,7.43,4.49,77,312,Texas Tech,False,,
kurtis-rourke-qb-2025,Kurtis Rourke,QB,2025,,,,,,,76,220,Indiana,False,7,227
jalen-royals-wr-2025,Jalen Royals,WR,2025,4.42,13,,,,,72,205,Utah St.,False,4,133
kaimon-rucker-de-2025,Kaimon Rucker,DE,2025,,27,,,,,73,254,North Carolina,False,,
dylan-sampson-rb-2025,Dylan Sampson,RB,2025,,13,35.0,124,,,68,200,Tennessee,False,4,126
raheim-sanders-rb-2025,Raheim Sanders,RB,2025,4.46,,36.5,,,,72,217,South Carolina,False,,
shedeur-sanders-qb-2025,Shedeur Sanders,QB,2025,,,,,,,74,212,Colorado,False,5,144
tj-sanders-de-2025,T.J. Sanders,DE,2025,,,31.5,112,7.70,4.67,76,297,South Carolina,False,2,41
jonas-sanker-s-2025,Jonas Sanker,S,2025,4.48,12,36.5,128,,,72,206,Virginia,False,3,93
jonah-savaiinaea-ol-2025,Jonah Savaiinaea,OL,2025,4.95,,29.0,106,,4.66,76,324,Arizona,False,2,37
jack-sawyer-de-2025,Jack Sawyer,DE,2025,,,,,,,76,260,Ohio St.,False,4,123
carson-schwesinger-lb-2025,Carson Schwesinger,LB,2025,,20,39.5,,,,75,242,UCLA,False,2,33
nic-scourton-de-2025,Nic Scourton,DE,2025,,,,,,,75,257,Texas A&M,False,2,51
tyler-shough-qb-2025,Tyler Shough,QB,2025,4.63,,32.0,117,,,77,219,Louisville,False,2,40
marques-sigle-s-2025,Marques Sigle,S,2025,4.37,,38.0,130,,,71,199,Kansas St.,False,,
elijah-simmons-de-2025,Elijah Simmons,DE,2025,5.37,,32.0,106,,,73,334,Tennessee,False,,
josh-simmons-ol-2025,Josh Simmons,OL,2025,,,,,,,77,317,Ohio St.,False,1,32
joshua-simon-te-2025,Joshua Simon,TE,2025,4.65,,38.0,124,7.22,4.40,76,239,South Carolina,False,,
cody-simon-lb-2025,Cody Simon,LB,2025,,,,,,,74,229,Ohio St.,False,4,115
cam-skattebo-rb-2025,Cam Skattebo,RB,2025,,,39.5,123,,,70,219,Arizona St.,False,4,105
jackson-slater-ol-2025,Jackson Slater,OL,2025,5.01,,28.5,108,,,75,311,Sacramento St.,False,5,167
tim-smith-de-2025,Tim Smith,DE,2025,,,,,,,76,302,Alabama,False,,
arian-smith-wr-2025,Arian Smith,WR,2025,4.36,,38.0,127,6.82,4.19,72,179,Georgia,False,4,110
brashard-smith-rb-2025,Brashard Smith,RB,2025,4.39,,32.5,117,,,70,194,SMU,False,7,228
jaylin-smith-cb-2025,Jaylin Smith,CB,2025,4.45,,32.5,122,,,71,187,USC,False,3,97
barryn-sorrell-de-2025,Barryn Sorrell,DE,2025,4.68,28,34.0,121,7.06,4.36,75,256,Texas,False,4,124
nazir-stackhouse-de-2025,Nazir Stackhouse,DE,2025,5.15,,27.5,105,,,76,327,Georgia,False,,
malaki-starks-s-2025,Malaki Starks,S,2025,4.50,,33.0,,7.26,4.45,73,197,Georgia,False,1,27
josaiah-stewart-de-2025,Josaiah Stewart,DE,2025,,,,,,,73,249,Michigan,False,3,90
shemar-stewart-de-2025,Shemar Stewart,DE,2025,4.59,,40.0,131,,,77,267,Texas A&M,False,1,17
upton-stout-cb-2025,Upton Stout,CB,2025,4.44,21,37.5,128,,4.29,69,181,Western Kentucky,False,3,100
dorian-strong-cb-2025,Dorian Strong,CB,2025,4.50,15,36.0,116,,,73,185,Virginia Tech,False,6,177
danny-stutsman-lb-2025,Danny Stutsman,LB,2025,4.52,,34.0,,,,75,233,Oklahoma,False,4,112
bradyn-swinson-de-2025,Bradyn Swinson,DE,2025,,,,,7.13,4.33,76,255,LSU,False,5,146
junior-tafuna-de-2025,Junior Tafuna,DE,2025,5.03,24,28.5,,,,76,308,Utah,False,,
marcus-tate-ol-2025,Marcus Tate,OL,2025,,,,,,,77,321,Clemson,False,,
branson-taylor-ol-2025,Branson Taylor,OL,2025,,,,,,,78,321,Pittsburgh,False,,
mason-taylor-te-2025,Mason Taylor,TE,2025,,,,,,,77,251,LSU,False,2,42
roc-taylor-wr-2025,Roc Taylor,WR,2025,4.49,,30.5,122,,,74,213,Memphis,False,,
isaac-teslaa-wr-2025,Isaac TeSlaa,WR,2025,4.43,17,39.5,129,6.85,4.05,76,214,Arkansas,False,3,70
azareyeh-thomas-cb-2025,Azareye'h Thomas,CB,2025,,,,122,,,74,197,Florida St.,False,3,73
jay-toia-de-2025,Jay Toia,DE,2025,,,,,,,74,342,UCLA,False,7,217
ozzy-trapilo-ol-2025,Ozzy Trapilo,OL,2025,5.21,,,106,7.71,4.70,80,316,Boston Col.,False,2,56
jalen-travis-ol-2025,Jalen Travis,OL,2025,5.14,,35.0,112,,,80,339,Iowa St.,False,4,127
xavier-truss-ol-2025,Xavier Truss,OL,2025,5.24,,26.0,103,,,79,309,Georgia,False,,
jt-tuimoloau-de-2025,JT Tuimoloau,DE,2025,,,,,,,76,265,Ohio St.,False,2,45
shemar-turner-de-2025,Shemar Turner,DE,2025,,,,,,,75,290,Texas A&M,False,2,62
bhayshul-tuten-rb-2025,Bhayshul Tuten,RB,2025,4.32,,40.5,130,,4.41,69,206,Virginia Tech,False,4,104
princely-umanmielen-de-2025,Princely Umanmielen,DE,2025,4.72,,38.0,126,7.33,4.46,76,244,Mississippi,False,3,77
malik-verdon-s-2025,Malik Verdon,S,2025,,,,,7.06,4.34,76,218,Iowa St.,False,,
carson-vinson-ol-2025,Carson Vinson,OL,2025,5.12,,28.5,111,7.51,,79,314,Alabama A&M,False,,
david-walker-de-2025,David Walker,DE,2025,4.69,26,35.0,118,7.15,4.39,73,263,Central Arkansas,False,,
deone-walker-de-2025,Deone Walker,DE,2025,,,25.0,104,,,79,331,Kentucky,False,4,109
jalon-walker-lb-2025,Jalon Walker,LB,2025,,,,,,,73,243,Georgia,False,1,15
justin-walley-cb-2025,Justin Walley,CB,2025,4.40,,,,,,70,190,Minnesota,False,3,80
cam-ward-qb-2025,Cam Ward,QB,2025,,,,,,,74,219,Miami,False,1,1
tyler-warren-te-2025,Tyler Warren,TE,2025,,,,,,,78,256,Penn St.,False,1,14
jordan-watkins-wr-2025,Jordan Watkins,WR,2025,4.37,,36.5,119,,,71,196,Mississippi,False,,
xavier-watts-s-2025,Xavier Watts,S,2025,,,,,,,72,204,Notre Dame,False,3,96
isas-waxter-cb-2025,Isas Waxter,CB,2025,4.56,,35.0,124,,,73,209,Villanova,False,,
theo-wease-wr-2025,Theo Wease,WR,2025,4.56,,31.0,117,,,75,200,Missouri,False,,
robert-webb-ol-2025,Robert Webb,OL,2025,5.11,,31.0,107,,4.90,75,312,Jacksonville St.,False,,
cj-west-de-2025,CJ West,DE,2025,4.95,,33.0,,,,73,316,Indiana,False,4,113
lajohntay-wester-wr-2025,LaJohntay Wester,WR,2025,4.46,,32.0,121,,,70,163,Colorado,False,6,203
john-williams-ol-2025,John Williams,OL,2025,5.17,,,,7.93,4.72,76,322,Cincinnati,False,,
cameron-williams-ol-2025,Cameron Williams,OL,2025,,,,,,,78,317,Texas,False,6,207
kyle-williams-wr-2025,Kyle Williams,WR,2025,4.40,,36.5,119,,,71,190,Washington St.,False,3,69
mykel-williams-de-2025,Mykel Williams,DE,2025,,,,,,,77,260,Georgia,False,1,11
nohl-williams-cb-2025,Nohl Williams,CB,2025,4.50,19,33.5,120,,,72,199,California,False,3,85
savion-williams-wr-2025,Savion Williams,WR,2025,4.48,,,,,,76,222,TCU,False,3,87
tyleik-williams-de-2025,Tyleik Williams,DE,2025,,,,,,,75,334,Ohio St.,False,1,28
jared-wilson-ol-2025,Jared Wilson,OL,2025,4.84,,32.0,112,,4.56,75,310,Georgia,False,3,95
hunter-wohler-s-2025,Hunter Wohler,S,2025,4.57,,37.0,120,6.72,4.25,74,213,Wisconsin,False,7,232
ernest-woodard-lb-2025,Ernest Woodard,LB,2025,,21,,,,,74,234,UNLV,False,,
craig-woodson-s-2025,Craig Woodson,S,2025,4.45,13,36.0,127,,,72,200,California,False,4,106
marcus-yarns-rb-2025,Marcus Yarns,RB,2025,4.45,,37.5,122,,,71,193,Delaware,False,,
grey-zabel-ol-2025,Grey Zabel,OL,2025,,,36.5,111,,,78,312,North Dakota St.,False,,
chris-adams-ol-2026,Chris Adams,OL,2026,,,,,,,77,311,Memphis,False,,
jose-aguilar-qb-2026,Jose Aguilar,QB,2026,,,,,,,75,229,Tennessee,False,,
drew-allar-qb-2026,Drew Allar,QB,2026,,,,,,,77,228,Penn St.,False,3,76
cj-allen-lb-2026,CJ Allen,LB,2026,,,,,,,73,230,Georgia,False,,
kaytron-allen-rb-2026,Kaytron Allen,RB,2026,,,,,,,71,216,Penn St.,False,6,187
marcus-allen-cb-2026,Marcus Allen,CB,2026,4.50,,39.0,123,,,74,187,North Carolina,False,,
luke-altmyer-qb-2026,Luke Altmyer,QB,2026,4.72,,32.0,114,,,74,210,Illinois,False,,
aaron-anderson-wr-2026,Aaron Anderson,WR,2026,,,30.0,113,,,68,191,LSU,False,,
david-bailey-de-2026,David Bailey,DE,2026,4.50,,35.0,129,,,76,251,Texas Tech,False,1,2
rueben-bain-de-2026,Rueben Bain,DE,2026,,,,,,,74,263,Miami,False,1,15
cameron-ball-de-2026,Cameron Ball,DE,2026,5.13,,32.0,109,8.02,4.76,76,310,Arkansas,False,,
caleb-banks-de-2026,Caleb Banks,DE,2026,5.04,,32.0,114,,,78,327,Florida,False,1,18
austin-barber-ol-2026,Austin Barber,OL,2026,5.12,,32.0,111,,,79,318,Florida,False,3,86
jaishawn-barham-de-2026,Jaishawn Barham,DE,2026,4.64,,33.0,123,,,76,240,Michigan,False,3,92
nick-barrett-de-2026,Nick Barrett,DE,2026,5.10,,31.5,108,8.17,4.91,75,312,South Carolina,False,,
lander-barton-lb-2026,Lander Barton,LB,2026,,,,,,,77,233,Utah,False,,
carson-beck-qb-2026,Carson Beck,QB,2026,,,,,,,77,233,Miami,False,3,65
evan-beerntsen-ol-2026,Evan Beerntsen,OL,2026,5.25,,32.5,105,,,76,301,Northwestern,False,,
chris-bell-wr-2026,Chris Bell,WR,2026,,,,,,,74,222,Louisville,False,3,94
dillon-bell-wr-2026,Dillon Bell,WR,2026,4.50,,39.0,126,,,73,209,Georgia,False,,
markel-bell-ol-2026,Markel Bell,OL,2026,5.36,,,,,,81,346,Miami,False,3,68
skyler-bell-wr-2026,Skyler Bell,WR,2026,4.40,,41.0,133,,,72,192,Connecticut,False,4,125
rayshaun-benny-de-2026,Rayshaun Benny,DE,2026,,,,,,,75,298,Michigan,False,7,250
malik-benson-wr-2026,Malik Benson,WR,2026,4.37,,32.5,122,,,72,189,Oregon,False,,
dallen-bentley-te-2026,Dallen Bentley,TE,2026,4.62,24,35.0,118,,4.42,76,253,Utah,False,7,256
germie-bernard-wr-2026,Germie Bernard,WR,2026,4.48,,32.5,125,6.71,4.31,73,206,Alabama,False,2,47
chase-bisontis-ol-2026,Chase Bisontis,OL,2026,5.02,29,32.0,105,7.53,4.78,77,315,Texas A&M,False,2,34
wesley-bissainthe-lb-2026,Wesley Bissainthe,LB,2026,,,,,,,74,225,Miami,False,,
nate-boerkircher-te-2026,Nate Boerkircher,TE,2026,,,,,,4.40,78,245,Texas A&M,False,2,56
bryce-boettcher-lb-2026,Bryce Boettcher,LB,2026,,,,,,,73,233,Oregon,False,4,135
denzel-boston-wr-2026,Denzel Boston,WR,2026,,,35.0,,,4.28,76,212,Washington,False,2,39
jude-bowry-ol-2026,Jude Bowry,OL,2026,5.08,,34.5,115,,,77,314,Boston Col.,False,4,102
parker-brailsford-ol-2026,Parker Brailsford,OL,2026,4.95,27,32.5,118,,4.72,74,289,Alabama,False,5,146
zachariah-branch-wr-2026,Zachariah Branch,WR,2026,4.35,20,38.0,125,,,69,177,Georgia,False,3,79
joshua-braun-ol-2026,Joshua Braun,OL,2026,,22,,101,7.62,,78,325,Kentucky,False,,
max-bredeson-rb-2026,Max Bredeson,RB,2026,,,,,,,74,252,Michigan,False,,
barion-brown-wr-2026,Barion Brown,WR,2026,4.40,,,,,,71,177,LSU,False,6,190
travis-burke-ol-2026,Travis Burke,OL,2026,5.17,,27.0,107,,,81,325,Memphis,False,4,117
deion-burks-wr-2026,Deion Burks,WR,2026,4.30,26,42.5,131,,,70,180,Oklahoma,False,7,254
jager-burton-ol-2026,Jager Burton,OL,2026,4.94,,28.0,111,,,76,312,Kentucky,False,5,153
jeff-caldwell-wr-2026,Jeff Caldwell,WR,2026,4.31,,42.0,134,,,77,216,Cincinnati,False,,
josh-cameron-wr-2026,Josh Cameron,WR,2026,,,,,,,74,220,Baylor,False,6,191
devon-campbell-ol-2026,Devon Campbell,OL,2026,5.01,,26.5,104,,,75,313,Texas,False,6,200
jadon-canady-cb-2026,Jadon Canady,CB,2026,,,,,,,71,181,Oregon,False,4,109
demonte-capehart-de-2026,DeMonte Capehart,DE,2026,4.85,,33.5,107,,,77,313,Clemson,False,5,155
fernando-carmona-ol-2026,Fernando Carmona,OL,2026,5.22,26,29.0,103,7.50,4.75,77,316,Arkansas,False,5,142
kage-casey-ol-2026,Kage Casey,OL,2026,5.20,,,,8.01,,78,310,Boise St.,False,4,111
brandon-cisse-cb-2026,Brandon Cisse,CB,2026,,,41.0,131,,,72,189,South Carolina,False,2,52
demond-claiborne-rb-2026,Demond Claiborne,RB,2026,4.37,,,122,,,70,188,Wake Forest,False,6,198
bud-clark-s-2026,Bud Clark,S,2026,4.41,,38.0,127,,,73,188,TCU,False,2,64
brandon-cleveland-de-2026,Brandon Cleveland,DE,2026,5.12,,,,,,75,307,North Carolina St.,False,7,229
jonah-coleman-rb-2026,Jonah Coleman,RB,2026,,22,,,,,68,220,Washington,False,4,108
kevin-coleman-wr-2026,Kevin Coleman,WR,2026,4.49,,38.5,126,,,70,179,Missouri,False,5,177
kc-concepcion-wr-2026,KC Concepcion,WR,2026,,,,,,,72,196,Texas A&M,False,,
patrick-coogan-ol-2026,Patrick Coogan,OL,2026,,,,,,,77,311,Indiana,False,6,194
anez-cooper-ol-2026,Anez Cooper,OL,2026,,,,,,,78,334,Miami,False,6,188
omar-cooper-wr-2026,Omar Cooper,WR,2026,4.42,,37.0,,,,72,199,Indiana,False,1,30
dontay-corleone-de-2026,Dontay Corleone,DE,2026,,,,,,,73,340,Cincinnati,False,,
keyron-crawford-de-2026,Keyron Crawford,DE,2026,,,,,,,76,253,Auburn,False,3,67
dametrious-crownover-ol-2026,Dametrious Crownover,OL,2026,5.14,,,,,,79,319,Texas A&M,False,6,196
enrique-cruz-ol-2026,Enrique Cruz,OL,2026,4.94,,35.0,116,,,78,313,Kansas,False,,
josh-cuevas-te-2026,Josh Cuevas,TE,2026,4.65,,34.0,118,7.37,4.38,75,245,Alabama,False,5,173
caden-curry-de-2026,Caden Curry,DE,2026,,,,,,,75,257,Ohio St.,False,6,214
cj-daniels-wr-2026,CJ Daniels,WR,2026,,,,,,,74,202,Miami,False,6,197
jalon-daniels-qb-2026,Jalon Daniels,QB,2026,4.65,,,,,,73,219,Kansas,False,,
kendal-daniels-lb-2026,Kendal Daniels,LB,2026,,,,,,,77,242,Oklahoma,False,4,134
jc-davis-ol-2026,J.C. Davis,OL,2026,5.16,,30.5,99,,,76,322,Illinois,False,,
tacario-davis-cb-2026,Tacario Davis,CB,2026,4.41,,37.0,123,,,76,194,Washington,False,3,72
mansoor-delane-cb-2026,Mansoor Delane,CB,2026,,,,,,,72,187,LSU,False,1,6
oscar-delp-te-2026,Oscar Delp,TE,2026,,,,,,,77,245,Georgia,False,3,73
charles-demmings-cb-2026,Charles Demmings,CB,2026,4.41,,42.0,132,,,73,193,Stephen F. Austin St.,False,,
dani-dennis-sutton-de-2026,Dani Dennis-Sutton,DE,2026,4.63,,39.5,131,6.90,,78,256,Penn St.,False,4,120
garrett-digiorgio-ol-2026,Garrett DiGiorgio,OL,2026,5.36,24,29.5,106,,,79,319,UCLA,False,,
khalil-dinkins-te-2026,Khalil Dinkins,TE,2026,4.72,25,32.5,119,7.28,4.33,76,251,Penn St.,False,,
thaddeus-dixon-cb-2026,Thaddeus Dixon,CB,2026,,,39.5,125,,,73,195,North Carolina,False,,
cj-donaldson-rb-2026,CJ Donaldson,RB,2026,,,,,,,74,230,Ohio St.,False,,
caleb-douglas-wr-2026,Caleb Douglas,WR,2026,4.39,,31.5,126,,,76,206,Texas Tech,False,3,75
caleb-downs-s-2026,Caleb Downs,S,2026,,,,,,,72,206,Ohio St.,False,1,11
gennings-dunker-ol-2026,Gennings Dunker,OL,2026,5.18,,32.5,108,,4.63,77,319,Iowa,False,3,96
zane-durant-de-2026,Zane Durant,DE,2026,4.75,,33.5,112,,,73,290,Penn St.,False,5,181
bryson-eason-de-2026,Bryson Eason,DE,2026,5.09,,30.5,112,,5.00,74,323,Tennessee,False,,
deven-eastern-de-2026,Deven Eastern,DE,2026,,,27.5,112,8.07,,77,315,Minnesota,False,7,242
kaleb-elarms-orr-lb-2026,Kaleb Elarms-Orr,LB,2026,4.47,,40.0,124,,4.41,74,234,TCU,False,4,126
keyshaun-elliott-lb-2026,Keyshaun Elliott,LB,2026,,21,38.0,125,,,74,231,Arizona St.,False,5,166
jack-endries-te-2026,Jack Endries,TE,2026,4.62,,36.0,119,,,77,245,Texas,False,7,221
daylen-everette-cb-2026,Daylen Everette,CB,2026,4.38,,37.5,124,,,73,196,Georgia,False,3,85
faalili-faamoe-ol-2026,Fa'alili Fa'amoe,OL,2026,,,28.5,104,,,77,311,Wake Forest,False,,
joe-fagnano-qb-2026,Joe Fagnano,QB,2026,4.83,,35.0,118,,4.35,75,226,Connecticut,False,,
rahsul-faison-rb-2026,Rahsul Faison,RB,2026,,,37.5,122,,,71,208,South Carolina,False,,
logan-fano-de-2026,Logan Fano,DE,2026,,,,,,,77,257,Utah,False,,
spencer-fano-ol-2026,Spencer Fano,OL,2026,4.91,,32.0,111,7.34,4.67,78,311,Utah,False,1,9
jalen-farmer-ol-2026,Jalen Farmer,OL,2026,4.93,,27.0,108,,,77,312,Kentucky,False,4,113
keldric-faulk-de-2026,Keldric Faulk,DE,2026,,,35.0,117,,,78,276,Auburn,False,1,31
malachi-fields-wr-2026,Malachi Fields,WR,2026,4.61,,38.0,124,6.98,4.35,77,218,Notre Dame,False,3,74
aiden-fisher-lb-2026,Aiden Fisher,LB,2026,,,,,,,73,232,Indiana,False,7,243
bishop-fitzgerald-s-2026,Bishop Fitzgerald,S,2026,4.55,12,33.0,,,,71,201,USC,False,,
monroe-freeling-ol-2026,Monroe Freeling,OL,2026,4.93,,33.5,115,,,79,315,Georgia,False,1,19
andre-fuller-cb-2026,Andre Fuller,CB,2026,4.49,,35.0,129,,4.28,73,200,Toledo,False,,
eric-gentry-lb-2026,Eric Gentry,LB,2026,,,,,,,79,221,USC,False,,
skyler-gill-howard-de-2026,Skyler Gill-Howard,DE,2026,,27,,,,,73,280,Texas Tech,False,6,205
jake-golday-lb-2026,Jake Golday,LB,2026,4.62,,39.0,125,7.02,4.34,77,239,Cincinnati,False,2,51
taylen-green-qb-2026,Taylen Green,QB,2026,4.36,,43.5,134,,,78,227,Arkansas,False,6,182
jaylon-guilbeau-cb-2026,Jaylon Guilbeau,CB,2026,,,,,,,71,190,Texas,False,,
matt-gulbin-ol-2026,Matt Gulbin,OL,2026,,,,,,,76,305,Michigan St.,False,,
david-gusta-de-2026,David Gusta,DE,2026,4.88,37,32.0,,,,74,308,Kentucky,False,,
john-michael-gyllenborg-te-2026,John Michael Gyllenborg,TE,2026,4.60,,35.5,128,,4.22,78,249,Wyoming,False,,
tj-hall-cb-2026,TJ Hall,CB,2026,4.59,,36.0,,7.19,4.19,73,189,Iowa,False,7,219
gracen-halton-de-2026,Gracen Halton,DE,2026,4.82,,36.5,114,8.09,4.79,75,293,Oklahoma,False,4,107
alex-harkey-ol-2026,Alex Harkey,OL,2026,,,,,,,78,308,Oregon,False,6,206
zxavian-harris-de-2026,Zxavian Harris,DE,2026,,,,,,,80,330,Mississippi,False,,
ahmari-harvey-cb-2026,Ahmari Harvey,CB,2026,,15,,,,,71,185,Georgia Tech,False,,
adari-haulcy-s-2026,Adari Haulcy,S,2026,4.52,,,,,,72,215,LSU,False,3,78
sam-hecht-ol-2026,Sam Hecht,OL,2026,5.10,,28.0,101,7.75,4.71,76,303,Kansas St.,False,5,144
eli-heidenreich-rb-2026,Eli Heidenreich,RB,2026,4.44,16,35.5,120,,,72,198,Navy,False,7,230
romello-height-de-2026,Romello Height,DE,2026,4.64,,39.0,125,,,75,239,Texas Tech,False,3,70
owen-heinecke-lb-2026,Owen Heinecke,LB,2026,4.62,,34.5,119,7.15,,74,227,Oklahoma,False,,
roman-hemby-rb-2026,Roman Hemby,RB,2026,,,,,,,72,207,Indiana,False,,
emmanuel-henderson-wr-2026,Emmanuel Henderson,WR,2026,4.44,,35.0,120,,,73,185,Kansas,False,,
alan-herron-ol-2026,Alan Herron,OL,2026,5.09,,32.0,,8.20,5.09,77,308,Maryland,False,,
matthew-hibner-te-2026,Matthew Hibner,TE,2026,4.57,28,37.0,116,,,76,251,SMU,False,4,133
anthony-hill-lb-2026,Anthony Hill,LB,2026,4.51,21,37.0,125,,,74,238,Texas,False,2,60
chris-hilton-wr-2026,Chris Hilton,WR,2026,4.41,,34.5,122,7.25,4.41,72,188,LSU,False,,
colton-hood-cb-2026,Colton Hood,CB,2026,4.44,,40.5,125,,,72,193,Tennessee,False,2,37
cashius-howell-de-2026,Cashius Howell,DE,2026,4.59,,32.5,115,,,75,253,Texas A&M,False,2,41
aidan-hubbard-de-2026,Aidan Hubbard,DE,2026,,21,,,,,77,260,Northwestern,False,,
jordan-hudson-wr-2026,Jordan Hudson,WR,2026,,,,,,,73,191,SMU,False,,
lee-hunter-de-2026,Lee Hunter,DE,2026,5.18,,21.5,100,,,76,318,Texas Tech,False,2,49
ted-hurst-wr-2026,Ted Hurst,WR,2026,4.42,,36.5,135,,,76,206,Georgia St.,False,,
jalen-huskey-s-2026,Jalen Huskey,S,2026,,,,,,,73,196,Maryland,False,3,100
quintayvious-hutchins-de-2026,Quintayvious Hutchins,DE,2026,4.74,,37.0,,,,75,233,Boston Col.,False,7,247
davison-igbinosun-cb-2026,Davison Igbinosun,CB,2026,4.45,,34.0,120,,,74,189,Ohio St.,False,2,62
maxwell-iheanachor-ol-2026,Maxwell Iheanachor,OL,2026,4.91,25,30.5,115,,,78,321,Arizona St.,False,1,21
chris-brazzell-ii-wr-2026,Chris Brazzell II,WR,2026,4.37,,,,,,76,198,Tennessee,False,,
keith-abney-ii-cb-2026,Keith Abney II,CB,2026,,15,,,,,70,187,Arizona St.,False,,
vinny-anthony-ii-wr-2026,Vinny Anthony II,WR,2026,4.54,15,34.5,,6.86,4.07,72,183,Wisconsin,False,,
tim-keenan-iii-de-2026,Tim Keenan III,DE,2026,5.31,21,30.0,100,,,73,327,Alabama,False,7,232
will-lee-iii-cb-2026,Will Lee III,CB,2026,4.52,,42.0,132,,,74,189,Texas A&M,False,4,129
trey-zuhn-iii-ol-2026,Trey Zuhn III,OL,2026,,33,,,,,79,312,Texas A&M,False,3,91
olaivavega-ioane-ol-2026,Olaivavega Ioane,OL,2026,,,31.5,104,,,76,320,Penn St.,False,,
gabe-jacas-de-2026,Gabe Jacas,DE,2026,,30,,,,,76,260,Illinois,False,2,55
domani-jackson-cb-2026,Domani Jackson,CB,2026,4.41,,,,,,73,194,Alabama,False,6,201
bobby-jamison-travis-de-2026,Bobby Jamison-Travis,DE,2026,,,,,,,75,328,Auburn,False,,
justin-jefferson-lb-2026,Justin Jefferson,LB,2026,4.57,,38.5,125,,,72,223,Alabama,False,5,149
dalton-johnson-s-2026,Dalton Johnson,S,2026,4.41,,36.0,119,,,71,192,Arizona,False,,
chris-johnson-cb-2026,Chris Johnson,CB,2026,4.40,17,38.0,126,,,72,193,San Diego St.,False,1,27
emmett-johnson-rb-2026,Emmett Johnson,RB,2026,4.56,16,35.5,120,7.32,4.29,70,202,Nebraska,False,5,161
justin-joly-te-2026,Justin Joly,TE,2026,,,,,,,76,241,North Carolina St.,False,5,152
logan-jones-ol-2026,Logan Jones,OL,2026,4.90,,32.0,110,7.46,4.59,75,299,Iowa,False,2,57
joshua-josephs-de-2026,Joshua Josephs,DE,2026,,,,,,,75,242,Tennessee,False,5,147
lorenzo-styles-jr-s-2026,Lorenzo Styles Jr.,S,2026,4.27,,39.0,,,,73,194,Ohio St.,False,,
vincent-anthony-jr-de-2026,Vincent Anthony Jr.,DE,2026,4.84,,32.5,123,,,78,258,Duke,False,,
george-gumbs-jr-de-2026,George Gumbs Jr.,DE,2026,4.66,,41.0,121,7.00,,76,245,Florida,False,5,156
robert-henry-jr-rb-2026,Robert Henry Jr.,RB,2026,4.52,,37.0,124,,4.31,69,196,Texas-San Antonio,False,,
darrell-jackson-jr-de-2026,Darrell Jackson Jr.,DE,2026,,,,,,,78,315,Florida St.,False,4,103
marvin-jones-jr-de-2026,Marvin Jones Jr.,DE,2026,4.69,,,,,,77,245,Oklahoma,False,,
harold-perkins-jr-lb-2026,Harold Perkins Jr.,LB,2026,,,,,,,73,223,LSU,False,6,215
xavian-sorey-jr-lb-2026,Xavian Sorey Jr.,LB,2026,4.63,,37.5,120,7.00,4.42,74,228,Arkansas,False,,
mike-washington-jr-rb-2026,Mike Washington Jr.,RB,2026,4.33,,39.0,128,,,73,223,Arkansas,False,4,122
will-kacmarek-te-2026,Will Kacmarek,TE,2026,4.74,,36.0,119,,,78,261,Ohio St.,False,,
jaren-kanak-te-2026,Jaren Kanak,TE,2026,4.52,24,36.0,119,,,74,234,Oklahoma,False,7,225
jack-kelly-lb-2026,Jack Kelly,LB,2026,4.57,,37.0,125,7.12,4.19,74,240,BYU,False,6,193
nyjalik-kelly-de-2026,Nyjalik Kelly,DE,2026,4.88,,37.0,119,,,77,256,Central Florida,False,,
jalon-kilgore-s-2026,Jalon Kilgore,S,2026,4.40,16,37.0,130,,4.32,73,210,South Carolina,False,5,167
haynes-king-qb-2026,Haynes King,QB,2026,4.46,,33.5,116,6.89,4.17,74,212,Georgia Tech,False,,
miles-kitselman-te-2026,Miles Kitselman,TE,2026,4.90,,34.5,116,,,77,251,Tennessee,False,,
max-klare-te-2026,Max Klare,TE,2026,,,,,,,76,246,Ohio St.,False,2,61
marlin-klein-te-2026,Marlin Klein,TE,2026,4.61,,36.0,117,7.42,,78,248,Michigan,False,2,59
cade-klubnik-qb-2026,Cade Klubnik,QB,2026,,,,,,,74,207,Clemson,False,4,110
tanner-koziol-te-2026,Tanner Koziol,TE,2026,4.70,,36.5,122,,,79,247,Houston,False,5,164
caullin-lacy-wr-2026,Caullin Lacy,WR,2026,4.55,,33.5,116,,,69,183,Louisville,False,,
bryce-lance-wr-2026,Bryce Lance,WR,2026,4.34,,41.5,133,7.00,4.15,75,204,North Dakota St.,False,,
jakobi-lane-wr-2026,Ja'Kobi Lane,WR,2026,4.47,,40.0,129,,,76,200,USC,False,3,80
kendrick-law-wr-2026,Kendrick Law,WR,2026,4.45,21,42.0,128,,,71,203,Kentucky,False,,
malachi-lawrence-de-2026,Malachi Lawrence,DE,2026,4.52,,40.0,130,,,76,253,Central Florida,False,1,23
deontae-lawson-lb-2026,Deontae Lawson,LB,2026,,,,,,,75,226,Alabama,False,,
makai-lemon-wr-2026,Makai Lemon,WR,2026,,,,,,,71,192,USC,False,1,20
connor-lew-ol-2026,Connor Lew,OL,2026,,31,,,,,76,310,Auburn,False,4,128
max-llewellyn-de-2026,Max Llewellyn,DE,2026,4.81,,32.5,115,,,78,258,Iowa,False,7,238
caleb-lomu-ol-2026,Caleb Lomu,OL,2026,4.99,,32.5,113,,,78,313,Utah,False,1,28
kyle-louis-lb-2026,Kyle Louis,LB,2026,4.53,,39.5,129,6.97,4.26,72,220,Pittsburgh,False,4,138
jeremiyah-love-rb-2026,Jeremiyah Love,RB,2026,4.36,,,,,,72,212,Notre Dame,False,1,3
anthony-lucas-de-2026,Anthony Lucas,DE,2026,,,,,,,78,256,USC,False,,
jackie-marshall-de-2026,Jackie Marshall,DE,2026,4.88,,,,,4.68,75,293,Baylor,False,6,184
rj-maryland-te-2026,RJ Maryland,TE,2026,4.51,,33.0,122,,,76,236,SMU,False,,
hezekiah-masses-cb-2026,Hezekiah Masses,CB,2026,4.46,,31.5,119,,,73,179,California,False,5,175
francis-mauigoa-ol-2026,Francis Mauigoa,OL,2026,,,,,,,78,329,Miami,False,1,10
eric-mcalister-wr-2026,Eric McAlister,WR,2026,,,,,,,76,194,TCU,False,,
chris-mcclellan-de-2026,Chris McClellan,DE,2026,5.05,25,29.5,108,,,76,313,Missouri,False,3,77
jermod-mccoy-cb-2026,Jermod McCoy,CB,2026,,14,,,,,73,188,Tennessee,False,4,101
donaven-mcculley-wr-2026,Donaven McCulley,WR,2026,,,,,,,77,203,Michigan,False,,
latrell-mccutchin-cb-2026,Latrell McCutchin,CB,2026,4.43,,38.5,131,7.00,4.18,74,191,Houston,False,,
kayden-mcdonald-de-2026,Kayden McDonald,DE,2026,,,,,,,74,326,Ohio St.,False,2,36
seth-mcgowan-rb-2026,Seth McGowan,RB,2026,4.49,,42.5,131,,4.50,72,223,Kentucky,False,7,237
emmanuel-mcneil-warren-s-2026,Emmanuel McNeil-Warren,S,2026,4.52,,35.5,122,,,76,201,Toledo,False,2,58
lake-mcree-te-2026,Lake McRee,TE,2026,,22,,,,,76,243,USC,False,,
fernando-mendoza-qb-2026,Fernando Mendoza,QB,2026,,,,,,,77,236,Indiana,False,1,1
akheem-mesidor-de-2026,Akheem Mesidor,DE,2026,,,,,,,75,259,Miami,False,1,22
jam-miller-rb-2026,Jam Miller,RB,2026,4.42,,30.5,115,,,70,209,Alabama,False,,
blake-miller-ol-2026,Blake Miller,OL,2026,5.04,32,32.0,113,,,79,317,Clemson,False,1,17
christen-miller-de-2026,Christen Miller,DE,2026,,,,,,,76,321,Georgia,False,2,42
louis-moore-s-2026,Louis Moore,S,2026,,,,,,,71,191,Indiana,False,,
derrick-moore-de-2026,Derrick Moore,DE,2026,,,,,,,76,255,Michigan,False,2,44
devin-moore-cb-2026,Devin Moore,CB,2026,4.50,,,,,,75,198,Florida,False,4,114
trey-moore-de-2026,Trey Moore,DE,2026,4.54,,38.5,120,,4.43,74,243,Texas,False,4,130
micah-morris-ol-2026,Micah Morris,OL,2026,5.09,29,29.5,112,,,77,334,Georgia,False,6,207
behren-morton-qb-2026,Behren Morton,QB,2026,,,,,,,74,221,Texas Tech,False,7,234
ahmaad-moses-s-2026,Ahmaad Moses,S,2026,,,38.0,,,,69,196,SMU,False,,
leveon-moss-rb-2026,Le'Veon Moss,RB,2026,,,,,,,71,203,Texas A&M,False,,
malik-muhammad-cb-2026,Malik Muhammad,CB,2026,4.42,,39.0,130,,,72,182,Texas,False,4,124
khalil-murdock-lb-2026,Khalil Murdock,LB,2026,,,,,,,74,232,Buffalo,False,,
julian-neal-cb-2026,Julian Neal,CB,2026,4.49,16,40.0,134,7.13,4.20,74,203,Arkansas,False,3,99
riley-nowakowski-te-2026,Riley Nowakowski,TE,2026,4.66,,33.5,119,,,74,250,Indiana,False,5,169
garrett-nussmeier-qb-2026,Garrett Nussmeier,QB,2026,,,,,,,74,203,LSU,False,7,249
febechi-nwaiwu-ol-2026,Febechi Nwaiwu,OL,2026,,,24.5,105,7.80,4.73,76,319,Oklahoma,False,,
xavier-nwankpa-s-2026,Xavier Nwankpa,S,2026,4.48,,37.5,,,,75,208,Iowa,False,,
namdi-obiazor-lb-2026,Namdi Obiazor,LB,2026,4.53,,37.0,119,7.24,4.36,75,229,TCU,False,6,212
tyler-onyedim-de-2026,Tyler Onyedim,DE,2026,,,32.0,111,,,76,292,Texas A&M,False,,
domonique-orange-de-2026,Domonique Orange,DE,2026,,,,,,,74,322,Iowa St.,False,3,82
labbeus-overton-de-2026,Labbeus Overton,DE,2026,4.87,,,,,,75,274,Alabama,False,,
brian-parker-ol-2026,Brian Parker,OL,2026,5.14,29,,109,7.66,4.80,77,309,Duke,False,,
tomarrion-parker-de-2026,Tomarrion Parker,DE,2026,4.68,,34.0,120,,,76,263,Clemson,False,2,35
diego-pavia-qb-2026,Diego Pavia,QB,2026,,,,,,,70,207,Vanderbilt,False,,
vj-payne-s-2026,VJ Payne,S,2026,4.40,,35.0,127,,,75,206,Kansas St.,False,7,228
cole-payton-qb-2026,Cole Payton,QB,2026,4.56,,40.0,130,7.12,4.36,75,232,North Dakota St.,False,,
patrick-payton-de-2026,Patrick Payton,DE,2026,,,,,,,77,260,LSU,False,,
dangelo-ponds-cb-2026,D'Angelo Ponds,CB,2026,,,43.5,,,,69,182,Indiana,False,2,50
diego-pounds-ol-2026,Diego Pounds,OL,2026,5.15,,30.0,112,7.90,,78,325,Mississippi,False,,
emmanuel-pregnon-ol-2026,Emmanuel Pregnon,OL,2026,5.21,,35.0,111,,,76,314,Oregon,False,3,88
jadarian-price-rb-2026,Jadarian Price,RB,2026,4.49,21,35.0,124,,,71,203,Notre Dame,False,1,32
toriano-pride-cb-2026,Toriano Pride,CB,2026,4.32,13,37.5,128,7.20,,70,185,Missouri,False,7,220
kaleb-proctor-de-2026,Kaleb Proctor,DE,2026,4.79,,33.0,113,,4.71,74,291,Southeastern Louisiana,False,,
kadyn-proctor-ol-2026,Kadyn Proctor,OL,2026,5.21,25,32.5,109,,,79,352,Alabama,False,1,12
ephesians-prysock-cb-2026,Ephesians Prysock,CB,2026,4.45,,39.0,124,,,75,196,Washington,False,4,139
jack-pyburn-de-2026,Jack Pyburn,DE,2026,,,,,,,76,258,LSU,False,,
kamari-ramsey-s-2026,Kamari Ramsey,S,2026,4.47,16,36.0,120,,,72,202,USC,False,5,141
adam-randall-rb-2026,Adam Randall,RB,2026,4.50,26,37.0,124,,4.53,75,232,Clemson,False,5,174
elijah-raridon-te-2026,Elijah Raridon,TE,2026,4.62,20,36.0,123,,,78,245,Notre Dame,False,3,95
armaj-reed-adams-ol-2026,Ar'maj Reed-Adams,OL,2026,5.28,,29.5,110,7.88,,78,314,Texas A&M,False,,
arvell-reese-de-2026,Arvell Reese,DE,2026,4.46,,,,,,76,241,Ohio St.,False,1,5
albert-regis-de-2026,Albert Regis,DE,2026,4.88,,34.0,116,7.77,4.85,73,295,Texas A&M,False,3,81
desmond-reid-rb-2026,Desmond Reid,RB,2026,,,,,,,66,174,Pittsburgh,False,,
mason-reiger-de-2026,Mason Reiger,DE,2026,4.78,,40.0,125,,,77,251,Wisconsin,False,,
chandler-rivers-cb-2026,Chandler Rivers,CB,2026,4.40,,39.0,130,,,70,185,Duke,False,5,162
eric-rivers-wr-2026,Eric Rivers,WR,2026,4.35,,37.0,127,,,70,176,Georgia Tech,False,,
chase-roberts-wr-2026,Chase Roberts,WR,2026,4.64,,37.0,126,,,75,209,BYU,False,,
jaeden-roberts-ol-2026,Jaeden Roberts,OL,2026,,25,,,,,77,333,Alabama,False,,
sawyer-robertson-qb-2026,Sawyer Robertson,QB,2026,4.64,,37.5,123,7.45,4.46,76,216,Baylor,False,,
jacob-rodriguez-lb-2026,Jacob Rodriguez,LB,2026,4.57,,38.5,121,6.90,4.19,73,231,Texas Tech,False,2,43
dj-rogers-te-2026,DJ Rogers,TE,2026,,,,,,,76,258,TCU,False,,
james-rolder-lb-2026,James Rolder,LB,2026,,,36.0,119,7.00,4.26,75,238,Michigan,False,4,118
sam-roush-te-2026,Sam Roush,TE,2026,4.70,25,38.5,126,7.08,4.37,78,267,Stanford,False,3,69
joe-royer-te-2026,Joe Royer,TE,2026,,,,,,,77,247,Cincinnati,False,5,170
keylan-rutledge-ol-2026,Keylan Rutledge,OL,2026,5.05,,32.5,104,7.54,4.54,76,316,Georgia Tech,False,1,26
kenyon-sadiq-te-2026,Kenyon Sadiq,TE,2026,4.39,26,43.5,133,,,75,241,Oregon,False,1,16
tyreak-sapp-de-2026,Tyreak Sapp,DE,2026,,28,,,,,74,273,Florida,False,,
elijah-sarratt-wr-2026,Elijah Sarratt,WR,2026,,,,,,,75,210,Indiana,False,4,115
william-schrauth-ol-2026,William Schrauth,OL,2026,,,,,,,77,310,Notre Dame,False,5,160
keionte-scott-cb-2026,Keionte Scott,CB,2026,,,,,,,71,193,Miami,False,4,116
karson-sharar-lb-2026,Karson Sharar,LB,2026,4.56,,40.0,123,,,74,231,Iowa,False,,
bauer-sharp-te-2026,Bauer Sharp,TE,2026,4.63,20,35.0,120,,,77,249,LSU,False,6,185
drew-shelton-ol-2026,Drew Shelton,OL,2026,5.16,,31.0,112,,,77,313,Penn St.,False,4,112
ty-simpson-qb-2026,Ty Simpson,QB,2026,,,,,,,73,211,Alabama,False,1,13
deshon-singleton-s-2026,DeShon Singleton,S,2026,,,39.5,130,,,75,205,Nebraska,False,,
nicholas-singleton-rb-2026,Nicholas Singleton,RB,2026,,,,,,,72,219,Penn St.,False,5,165
jake-slaughter-ol-2026,Jake Slaughter,OL,2026,5.10,,32.5,110,,,77,303,Florida,False,2,63
avery-smith-cb-2026,Avery Smith,CB,2026,4.54,,38.5,125,7.03,4.46,71,196,Toledo,False,,
gary-smith-de-2026,Gary Smith,DE,2026,,,28.0,,,,73,319,UCLA,False,,
genesis-smith-s-2026,Genesis Smith,S,2026,,,42.5,128,,4.18,74,202,Arizona,False,4,131
robert-spears-jennings-s-2026,Robert Spears-Jennings,S,2026,4.32,,35.0,125,,4.43,74,205,Oklahoma,False,7,224
beau-stephens-ol-2026,Beau Stephens,OL,2026,5.35,,28.0,102,,,78,315,Iowa,False,5,148
eli-stowers-te-2026,Eli Stowers,TE,2026,4.51,,45.5,135,,,76,239,Vanderbilt,False,2,54
dezhaun-ryan-stribling-wr-2026,De'Zhaun-Ryan Stribling,WR,2026,4.36,,36.0,127,,,74,207,Mississippi,False,2,33
treydan-stukes-s-2026,Treydan Stukes,S,2026,4.33,,38.0,130,,,73,190,Arizona,False,2,38
j-michael-sturdivant-wr-2026,J. Michael Sturdivant,WR,2026,4.40,,39.0,131,,,75,207,Florida,False,,
alex-styles-lb-2026,Alex Styles,LB,2026,4.46,,43.5,134,7.09,4.26,77,244,Ohio St.,False,1,7
michael-taaffe-s-2026,Michael Taaffe,S,2026,4.50,,,,,,72,190,Texas,False,5,158
carnell-tate-wr-2026,Carnell Tate,WR,2026,4.53,,,,,,74,192,Ohio St.,False,1,4
jmari-taylor-rb-2026,J'Mari Taylor,RB,2026,,20,34.5,115,,,70,199,Virginia,False,,
logan-taylor-ol-2026,Logan Taylor,OL,2026,5.19,,31.0,108,7.75,4.84,79,314,Boston Col.,False,6,202
avieon-terrell-cb-2026,Avieon Terrell,CB,2026,,17,34.0,123,,,71,186,Clemson,False,2,48
dillon-thieneman-s-2026,Dillon Thieneman,S,2026,4.35,18,41.0,125,,,72,201,Oregon,False,1,25
jakobe-thomas-s-2026,Jakobe Thomas,S,2026,,,,,,,73,211,Miami,False,,
r-mason-thomas-de-2026,R Mason Thomas,DE,2026,4.67,,,,,,74,241,Oklahoma,False,,
zavion-thomas-wr-2026,Zavion Thomas,WR,2026,4.28,,36.0,,,,70,190,LSU,False,3,89
brenen-thompson-wr-2026,Brenen Thompson,WR,2026,4.26,,,,,,69,164,Mississippi St.,False,4,105
caleb-tiernan-ol-2026,Caleb Tiernan,OL,2026,,,35.5,111,,,80,323,Northwestern,False,3,97
michael-trigg-te-2026,Michael Trigg,TE,2026,,,,,,,76,240,Baylor,False,,
keagen-trost-ol-2026,Keagen Trost,OL,2026,,,31.0,,,,77,311,Missouri,False,,
josiah-trotter-lb-2026,Josiah Trotter,LB,2026,,27,,,,,74,237,Missouri,False,2,46
nadame-tucker-de-2026,Nadame Tucker,DE,2026,4.73,,33.5,119,,,74,247,Western Michigan,False,,
jordyn-tyson-wr-2026,Jordyn Tyson,WR,2026,,26,,,,,74,203,Arizona St.,False,1,8
reggie-virgil-wr-2026,Reggie Virgil,WR,2026,4.57,,36.0,127,,,75,187,Texas Tech,False,,
dillon-wade-ol-2026,Dillon Wade,OL,2026,5.02,,28.5,104,,,75,316,Auburn,False,,
aamil-wagner-ol-2026,Aamil Wagner,OL,2026,5.01,21,29.5,108,,,78,306,Notre Dame,False,,
harrison-wallace-wr-2026,Harrison Wallace,WR,2026,4.54,,,,,,72,192,Mississippi,False,,
jalen-walthall-wr-2026,Jalen Walthall,WR,2026,4.57,,35.0,131,,,73,191,Incarnate Word,False,,
kaden-wetjen-wr-2026,Kaden Wetjen,WR,2026,4.47,,35.5,,6.95,4.44,69,193,Iowa,False,4,121
zakee-wheatley-s-2026,Zakee Wheatley,S,2026,,,32.5,122,,,75,203,Penn St.,False,5,151
noah-whittington-rb-2026,Noah Whittington,RB,2026,,24,,,,,68,205,Oregon,False,,
antonio-williams-wr-2026,Antonio Williams,WR,2026,4.41,10,39.5,124,7.00,,72,187,Clemson,False,3,71
damonic-williams-de-2026,Damonic Williams,DE,2026,,30,,,,,74,305,Oklahoma,False,,
jeremiah-williams-lb-2026,Jeremiah Williams,LB,2026,,,,,,,74,231,Texas A&M,False,,
wesley-williams-de-2026,Wesley Williams,DE,2026,4.89,,35.5,120,,,76,256,Duke,False,4,119
carver-willis-ol-2026,Carver Willis,OL,2026,5.11,,26.5,108,,,77,303,Washington,False,,
wade-woodaz-lb-2026,Wade Woodaz,LB,2026,,,,,,,75,236,Clemson,False,4,123
peter-woods-de-2026,Peter Woods,DE,2026,,,,,,,75,298,Clemson,False,1,29
collin-wright-cb-2026,Collin Wright,CB,2026,,,39.0,,,,72,188,Stanford,False,,
daequan-wright-te-2026,Dae'Quan Wright,TE,2026,,,,,,,76,246,Mississippi,False,,
jeremiah-wright-ol-2026,Jeremiah Wright,OL,2026,,,,,,,77,331,Auburn,False,4,132
taurean-york-lb-2026,Taurean York,LB,2026,,25,,,7.32,4.48,71,226,Texas A&M,False,,
colbie-young-wr-2026,Colbie Young,WR,2026,4.49,,,,,,77,218,Georgia,False,4,140
zion-young-de-2026,Zion Young,DE,2026,,,,,,,78,262,Missouri,False,2,45
